Leaf No.,450 nm,500 nm,550 nm,570 nm,600 nm,650 nm,Avg Total Chlorophyll (Âµg/cm2),leaf
1,0.0902558690438391,0.1003265791571723,0.197789829122833,0.1861511841653371,0.1379130707645243,0.0910133744656462,38.76835883666666,banana
2,0.0885033145694572,0.0990202796889738,0.1681962960285713,0.162653104468019,0.1311304317322889,0.0933077795210941,71.40923659666667,banana
3,0.0937609481496973,0.1034618008437942,0.1758756131180101,0.1698191765638098,0.1351304326166253,0.0982791711867297,63.859104163333335,banana
4,0.0618647014277726,0.0684519969480924,0.1146281853203911,0.1108241170379833,0.0753043388417418,0.0615678562434169,58.83652668666667,banana
5,0.0842972256110085,0.0898758831029934,0.1367297196152626,0.134488816978403,0.1043478251257213,0.0822179187705211,60.81972601666666,banana
6,0.1083070368840258,0.1180927495789083,0.2022850842350425,0.2024831567258039,0.1613913176000554,0.1239006253794694,50.814208576666665,banana
7,0.1090080467366163,0.1047681003119927,0.1747518080637976,0.1716523496485329,0.1424347932719982,0.1105162761678339,66.93767025666666,banana
8,0.0860497800853904,0.0901371944781058,0.1447836732847984,0.1416548540331332,0.1114782662909317,0.0860420662056254,81.5243058,banana
9,0.0830704732904279,0.1005878476310575,0.179247063176007,0.1723189707851815,0.1349565131264629,0.0956023513877714,72.42418948,banana
10,0.0834209782167231,0.0951012525806965,0.1762502496981071,0.165486209257715,0.127304350338115,0.0879540565175628,44.169886743333336,banana
11,0.1090080467366163,0.1358589200006443,0.2858213297222219,0.2701441859048805,0.2090434892317673,0.1338431584938964,20.28692242,banana
12,0.0983175718773469,0.0958850580023519,0.1567709271963981,0.1549871015608024,0.1253913096410279,0.0975143416997088,61.64959248,banana
13,0.10725552210514,0.1094709328419255,0.2071549061366298,0.2009832591683445,0.158086957829019,0.109751446680813,36.97672773666667,banana
14,0.1042762153101775,0.1052906801609902,0.2090279145603173,0.1981501543786485,0.1533913158313827,0.1070746268818548,35.73444939666666,banana
15,0.079565364341664,0.0817766033137808,0.1299868892899877,0.1273227448826122,0.1010435022020344,0.0768641957669899,73.11829635666666,banana
16,0.0809673840468451,0.0864794358437136,0.1578947322506105,0.1506541342547076,0.1140869481013187,0.0795410989715629,42.56759017,banana
17,0.1246056800927362,0.1355976515267592,0.2787038977122096,0.2643113210413264,0.206956529044518,0.1330784124124903,19.19219542,banana
18,0.0871012948642761,0.1011103845788278,0.1620153507827229,0.1601533452877079,0.1260869507543278,0.0959847661312818,76.18880164333332,banana
19,0.0981423044927464,0.0992815481628589,0.1603296257537244,0.1551537568449646,0.1264347897346526,0.0952199366442609,65.37167558666668,banana
20,0.0997195915825279,0.1504899116369857,0.3090466341759463,0.2973085416895236,0.2299130542569117,0.1464626782185111,13.009980116666666,banana
21,0.0890290868803529,0.1008491161049426,0.1661359693148353,0.1636530361729919,0.1293913105253643,0.0990439172681358,56.75211462333334,banana
22,0.1049771953198624,0.1371652623700701,0.2740213243099517,0.2666444249374753,0.2038260887636439,0.1326959976689798,16.24644707,banana
23,0.1014721162140042,0.0951012525806965,0.1539613971131871,0.1503207886453227,0.1203478286630668,0.0921606186961775,68.32959374,banana
24,0.0899053641175438,0.1042456062654496,0.1687581811079978,0.1668194515310122,0.1255651922838407,0.0959847661312818,54.51767387666666,banana
25,0.0958640075503744,0.0890920776813379,0.1500280968711232,0.1439880280114033,0.1224347888503162,0.0978967564432192,72.63928697666667,banana
26,0.0842972256110085,0.0896146575303355,0.1526503086642857,0.145987821339228,0.1111304641579566,0.0822179187705211,61.189856405,banana
27,0.0988433441882426,0.1058132171087606,0.1818692749691695,0.1804849745859451,0.1513043556441333,0.112428349885386,65.13233359333333,banana
28,0.121100600986878,0.1178314811050232,0.2122120114329062,0.2066494337066759,0.1603478375064308,0.1193116484573443,34.839382863333334,banana
29,0.0811426514314455,0.090920956998534,0.142161461491636,0.1393217150959236,0.1081739065198953,0.0875716417740524,79.25833077666667,banana
30,0.0899053641175438,0.0958850580023519,0.1498407785810747,0.1498208578338969,0.1139130286111563,0.088336554666688,69.28109059666667,banana
31,0.1011216411306146,0.1400391726815796,0.300430795426984,0.2821431561181919,0.2102608888155545,0.1273422746654486,19.58267273333333,banana
32,0.0748335030723196,0.0859568988959433,0.1442217533100124,0.1378218525795249,0.105391305219346,0.078776269484542,62.72111009,banana
33,0.0890290868803529,0.1000653106832872,0.1666978892896214,0.1593200688668971,0.1278261088086021,0.0913957892091567,66.17525484666668,banana
34,0.0878023345597723,0.1060744855826457,0.17737401985696,0.1718190399737556,0.1353043521067877,0.0994263320116462,59.75294459666667,banana
35,0.0998948589671283,0.1612018332638226,0.3309608501807692,0.3211398969141055,0.2401738988556466,0.1567877094820632,14.063178576666669,banana
36,0.0976165620247564,0.1165251387355974,0.220265965102442,0.2114823668652572,0.158086957829019,0.1059273826513235,29.85792208,banana
37,0.0890290868803529,0.090920956998534,0.1595804223842495,0.1528205828666944,0.1163478277787305,0.0887189694101984,54.23312159666667,banana
38,0.087276532405971,0.0872632412653691,0.1391646131183765,0.1349887477898289,0.1071304264262706,0.0826004169196463,86.98168556666667,banana
39,0.1053277300890633,0.097713937319548,0.1695073844774727,0.1621531736565932,0.1314782707126137,0.0963670974691775,60.984859273333335,banana
40,0.0927094035279059,0.0930111047896152,0.1500280968711232,0.1466544424758766,0.1215651913995043,0.0929254481831984,84.40628610666666,banana
41,0.0846477603802093,0.0856956304220581,0.1401011347779,0.133988816084856,0.10852174550022,0.078776269484542,66.09468455666666,banana
42,0.0998948589671283,0.0987589683138614,0.1642629608911479,0.1591533785416744,0.1276521893184397,0.0940726924137297,60.77093364,banana
43,0.0970907897138607,0.0971913574705505,0.1633264741269839,0.1576535160252757,0.1278261088086021,0.0940726924137297,62.19241077666667,banana
44,0.0951629976977839,0.0917047624201895,0.1556471221421856,0.1486542708447618,0.1163478277787305,0.085659651462115,61.22425628666667,banana
45,0.0886785819540576,0.103200532369909,0.1874883002402318,0.1801516640176209,0.142608675914811,0.0990439172681358,50.78032743,banana
46,0.0900806315021442,0.0984977427412035,0.1577074488559216,0.1539871698558295,0.1194782680596045,0.088336554666688,68.27303922666667,banana
47,0.1069050171788447,0.1165251387355974,0.2481738080630648,0.228980926414859,0.1768695626669139,0.1105162761678339,31.0638938,banana
48,0.1011216411306146,0.1374265308439552,0.2914403200979247,0.279476706612658,0.2151304134560036,0.1357552322114485,16.75881414666667,banana
49,0.0883280770277624,0.0987589683138614,0.1743772063790601,0.1658195198260393,0.1328695897865632,0.0929254481831984,67.45947513333333,banana
50,0.0871012948642761,0.0969301318978925,0.1665106058949324,0.1601533452877079,0.1259130312641655,0.092543033439688,69.69720905666667,banana
51,0.105853502399959,0.1131286914763176,0.1818692749691695,0.1798183184082359,0.13617391271025,0.1017208204727088,59.84200325333334,banana
52,0.1011216411306146,0.1071195165769591,0.1887993886891333,0.1814848712498575,0.1450434750823851,0.1055449679078131,52.92600818666667,banana
53,0.0858745127007899,0.0958850580023519,0.1513391853200247,0.1476543391397889,0.1121739074042317,0.088336554666688,72.59048674333333,banana
54,0.0895548591912486,0.1162638702617122,0.1981644308075705,0.1913173928511821,0.1478260763829344,0.1078393729632609,59.84593304999999,banana
55,0.0832457108321227,0.112083617580777,0.2050945794228939,0.1961502909687027,0.1572173972255567,0.112428349885386,48.69594051666667,banana
56,0.1018226509832051,0.1204441658438747,0.2286944855613557,0.2189817495293722,0.1688695608982411,0.1135755107103026,33.77004393666667,banana
57,0.0893796216495537,0.1008491161049426,0.2071549061366298,0.1934839115452901,0.1511304361539709,0.0982791711867297,37.870739506666666,banana
58,0.0902558690438391,0.0898758831029934,0.1483424067374843,0.1406549223281603,0.1149565455521306,0.0871893104361567,88.93881304499999,banana
59,0.1114616110635887,0.1011103845788278,0.1691327827927352,0.1638196914571541,0.138782594520637,0.1013384057291984,74.72276060333333,banana
60,0.1100595913584077,0.1139124968979731,0.2084660294808908,0.1983168096628107,0.1546087154151698,0.1059273826513235,39.87457970666667,banana
61,0.0907816115118292,0.1131286914763176,0.2030342527091579,0.1981501543786485,0.154260876434845,0.1120458517362609,62.61077550666666,banana
62,0.0885033145694572,0.0922272993679598,0.1445963898901094,0.140821612653383,0.1139130286111563,0.0868068956926463,76.49003639000001,banana
63,0.0800911366525597,0.0856956304220581,0.1367297196152626,0.1318223324318086,0.1019130628054967,0.0791586842280524,80.38844010666668,banana
64,0.0842972256110085,0.1128674230024325,0.20265968591978,0.1973168779578378,0.1466086767991473,0.1001912449042818,45.23548136,banana
65,0.0993690866562326,0.1079033219986145,0.2013485625755189,0.1926506351244793,0.1443478339690852,0.1013384057291984,35.15257362333333,banana
66,0.0946372253868882,0.0995427737355168,0.1844914867623319,0.1743187991540667,0.142608675914811,0.0994263320116462,60.34289217333333,banana
67,0.1033999082300809,0.1238406560043817,0.2474246046935898,0.2384801024067987,0.1805217245709255,0.1212237221748964,23.374343133333337,banana
68,0.0890290868803529,0.1128674230024325,0.2236373802650794,0.2138155058024667,0.1565217192649071,0.1047800550151775,34.65375963666666,banana
69,0.0998948589671283,0.1225342707337287,0.2273834320078138,0.2203149567616089,0.1756521999304764,0.1216061369184069,40.008258866666665,banana
70,0.0694006319503847,0.0799477239965848,0.1254916690731378,0.1213232247348959,0.093739104699312,0.0757170349420733,76.83541062333335,banana
71,0.0814931563577408,0.0927498363157301,0.179247063176007,0.1669861068151744,0.1271304676953022,0.088336554666688,43.468993106666666,banana
72,0.0739572258351287,0.0867407043175988,0.1648248808659339,0.1544871006672553,0.1173913078723551,0.0799235137150733,53.81312395333333,banana
73,0.1296880462883759,0.160156759368282,0.3204720030081195,0.3086409608483076,0.2415652179295961,0.1583173684561049,18.29577232333333,banana
74,0.109533819047512,0.1042456062654496,0.1736280379049447,0.1686525895746747,0.1382608728974994,0.1040153089337714,65.58020953666666,banana
75,0.0902558690438391,0.1005878476310575,0.1887993886891333,0.1788184217443236,0.1347826304836502,0.0929254481831984,53.27529650333333,banana
76,0.0900806315021442,0.0945787156329261,0.1417868249115389,0.1396550256642479,0.1130435048550436,0.0898661302351149,94.83343629333336,banana
77,0.0916579185919257,0.1065969796291888,0.1676344109491448,0.1664861059216273,0.1274782329809277,0.0978967564432192,84.81172337333332,banana
78,0.0869260274796757,0.0898758831029934,0.1303614909747252,0.1294891934945991,0.1013913043350096,0.0810707579456046,84.93345594333333,banana
79,0.0856992751590951,0.0815153348398957,0.1290503676304643,0.1243229848087541,0.1026087039187967,0.0799235137150733,89.76101011666667,banana
80,0.0958640075503744,0.1065969796291888,0.2157707448855921,0.2033163981055541,0.1582608773191814,0.1043977236772818,35.201312550000004,banana
81,0.0736067209088334,0.0841280195787472,0.1470312833932233,0.1364886453472882,0.1088695476331952,0.0791586842280524,69.83625474333333,banana
82,0.1032246706883861,0.1193990919483341,0.2363738724415136,0.2214815437507439,0.1655652379745542,0.1093690319373026,32.35082408,banana
83,0.0900806315021442,0.0924885678418449,0.1438471865206345,0.147154408328363,0.1147825892146186,0.0910133744656462,69.93237289333334,banana
84,0.084998235463599,0.0906596885246488,0.1633264741269839,0.1541538251399916,0.1278261088086021,0.0871893104361567,66.099962275,banana
85,0.087276532405971,0.0984977427412035,0.1841168501822348,0.1758186967115261,0.1368695906708996,0.0948374384951358,44.150060126666666,banana
86,0.0734314833671386,0.0796864555226996,0.1477804867626983,0.1424881304539439,0.1120000247614189,0.0837476611501776,76.00495940666666,banana
87,0.079565364341664,0.0843892880526324,0.1275519957868738,0.12482291562018,0.0961739038668861,0.0780115234031359,68.17124173999999,banana
88,0.0928846709125063,0.1000653106832872,0.1672598092644073,0.1631530703205055,0.1212173892665291,0.0936901942646045,45.19976421333333,banana
89,0.1041009479255771,0.1026779954221387,0.1614534657032965,0.1586534477302486,0.1288695889022268,0.0940726924137297,74.04760557333334,banana
90,0.0913074136656305,0.0924885678418449,0.140663054752686,0.1388217842844978,0.1116521857810941,0.0852772367186046,80.86857340333334,banana
91,0.0972660272555555,0.114173722470631,0.2122120114329062,0.2046496053377907,0.1486956369863967,0.1024856499597296,40.86577853333333,banana
92,0.1051524627044628,0.112083617580777,0.1970406257533581,0.1889842188729119,0.1469565526268217,0.1051624697586879,50.74106089,banana
93,0.1032246706883861,0.1214892397394153,0.2380595625751526,0.2273144086142981,0.1685217587652659,0.1128106812232817,29.166577853333333,banana
94,0.0909568788964296,0.0883082722596825,0.1474058850779608,0.1406549223281603,0.1144347870816435,0.0826004169196463,71.32840850999999,banana
95,0.1000700965088232,0.1034618008437942,0.1762502496981071,0.168319314047411,0.1349565131264629,0.0971319269561984,64.42228824,banana
96,0.0914826512073253,0.0961463264762371,0.1728788345354697,0.1641530020254784,0.1245217490375656,0.0902485449786254,51.63575802,banana
97,0.0993690866562326,0.0961463264762371,0.1415995415168499,0.141488198748971,0.1132173874978564,0.0917782039526671,75.03223063,banana
98,0.0935857106080025,0.0995427737355168,0.1747518080637976,0.1666527612057895,0.1274782329809277,0.0917782039526671,53.70750984333333,banana
99,0.0860497800853904,0.0906596885246488,0.1490916101069593,0.1436546824020184,0.1106087056874694,0.0860420662056254,61.03652197,banana
100,0.0988433441882426,0.1084258589463848,0.1874883002402318,0.1823181476706682,0.1384347923876618,0.1009559909856879,48.63075931333333,banana
1,0.1056782350153585,0.1212279712655302,0.1919835204570817,0.1903174611462092,0.1610434786197307,0.1154875844278548,41.448511,jasmine
2,0.1377497491218837,0.1180927495789083,0.1487169735268622,0.1564869640772012,0.1556521586614448,0.1449330192444694,50.44354216,jasmine
3,0.1258324622562224,0.1256694924203505,0.1781232581217946,0.1821514923865061,0.1516521946244581,0.1254302009478964,45.294102943333336,jasmine
4,0.1582544514461372,0.1470934214764787,0.2354373507819901,0.2294808572262849,0.206956529044518,0.1632886767161258,34.36069416,jasmine
5,0.0899053641175438,0.0945787156329261,0.161078864018559,0.1454878905278021,0.1356521542397629,0.0948374384951358,53.19928949333333,jasmine
6,0.1615842930103005,0.1583278800510859,0.3056752190133089,0.2781434643393609,0.2834782674700469,0.1881453014218447,17.414988250000004,jasmine
7,0.1570276991255566,0.1578053860045428,0.2976212653437731,0.2856428820445365,0.2509565387722183,0.1621414324855944,23.053871243333333,jasmine
8,0.0723799685882528,0.0961463264762371,0.1494662117916968,0.1428214410222683,0.1151304281949434,0.0845124906371984,50.93254737666666,jasmine
9,0.1712232530906842,0.1857609411053453,0.3300243285212457,0.3251395886929365,0.2803478271891729,0.1946462686559072,26.65527811333333,jasmine
10,0.1195232840541909,0.1081645904724997,0.1509646185306467,0.1474877188966873,0.1365217148432252,0.116634828658386,42.2244009,jasmine
11,0.1545741347985841,0.1397779471089217,0.1962914223838831,0.197983534135547,0.1747826024796645,0.1395793796465528,57.26818357,jasmine
12,0.1196985514387913,0.1272371032636615,0.1904851137181318,0.1849845971762021,0.1532173963412203,0.1227533811489381,39.30709642666667,jasmine
13,0.1473887092022673,0.1525800165268397,0.2577261684715506,0.2534788677350288,0.2104347714583672,0.1606118569171675,29.18027555666667,jasmine
14,0.1277602542722991,0.1178314811050232,0.2019104476549454,0.1914840481353442,0.1666086812208293,0.1212237221748964,43.79310242,jasmine
15,0.1314405709198522,0.1186152865266786,0.1914216004822957,0.1903174611462092,0.1706087189525153,0.1242829567173651,41.10274457,jasmine
16,0.1342446401731199,0.1217504653120732,0.1691327827927352,0.1829847688073169,0.1535652353215451,0.1422561994455111,50.65443399333333,jasmine
17,0.09113214628103,0.0922272993679598,0.1818692749691695,0.1664861059216273,0.1443478339690852,0.0894837988972193,47.105301296666674,jasmine
18,0.1230283930029547,0.1115610806330067,0.1696947027675213,0.1604866208149716,0.1439999949887604,0.1196940632008547,50.46397711666666,jasmine
19,0.1293375413620806,0.1416067835248905,0.1929200072212457,0.2091492279280476,0.1507825971736461,0.1403442091335737,41.81804720666667,jasmine
20,0.1282860265831948,0.1243631500509248,0.220827885077228,0.2174818870129734,0.1857391618863986,0.1399617109844485,32.43975855,jasmine
21,0.121100600986878,0.1178314811050232,0.1878628670296098,0.1833180443345805,0.1645217210335799,0.1154875844278548,47.88150400999999,jasmine
22,0.1671924016739303,0.1593729968478537,0.2910657533085468,0.2951420580364762,0.2506086629445439,0.1862333111099072,23.63005981333333,jasmine
23,0.1158429674066379,0.1131286914763176,0.1869264151608054,0.1758186967115261,0.1469565526268217,0.1055449679078131,51.29887372,jasmine
24,0.1142656803168564,0.1269758347897763,0.2155834614909031,0.2089826076849461,0.1688695608982411,0.1300191778700216,35.226142589999995,jasmine
25,0.108657541810321,0.1081645904724997,0.1640756774964589,0.162653104468019,0.1313043512224513,0.1108986909113443,41.14823041,jasmine
26,0.1342446401731199,0.1170476756833677,0.1758756131180101,0.1718190399737556,0.1582608773191814,0.1254302009478964,54.829151243333335,jasmine
27,0.0828952059058274,0.0864794358437136,0.1346693929015266,0.1358220242106396,0.1041739056355589,0.0860420662056254,51.49421926666667,jasmine
28,0.1522958378562122,0.1452645421592827,0.2316912990392557,0.2319806514476566,0.1986087251428701,0.1514340698841466,37.71789394,jasmine
29,0.0765860575467015,0.0862181673698285,0.1543360336932842,0.1394884054211464,0.1220869867173411,0.0780115234031359,48.11233092,jasmine
30,0.1398527786796552,0.1345525776312186,0.2020978008403535,0.2048162606219529,0.1765217605339387,0.1456978487314902,45.65954115666667,jasmine
31,0.0893796216495537,0.0828217201105487,0.1453455932595844,0.1294891934945991,0.1132173874978564,0.085659651462115,52.45372190999999,jasmine
32,0.1012968786723094,0.1068582910043011,0.1689454993980463,0.1659861751102015,0.1359999932200876,0.1089866171937922,50.8899295,jasmine
33,0.1053277300890633,0.1146963023196286,0.1674470926590963,0.1574868607411135,0.1295652300155267,0.1120458517362609,51.61277027333333,jasmine
34,0.1239046403972401,0.1241018815770396,0.2189548766535406,0.2128156091385544,0.1784348012310257,0.1284894354903651,38.73607476,jasmine
35,0.081843661284036,0.1081645904724997,0.1483424067374843,0.1551537568449646,0.1194782680596045,0.088336554666688,46.43058326333334,jasmine
36,0.0920083936753154,0.1003265791571723,0.1867390968707568,0.1731522121649317,0.1606956396394059,0.0944551071572401,40.69285327,jasmine
37,0.1063792448679491,0.1092096643680403,0.1756883297233211,0.1709857635529448,0.1474782742499593,0.1162523305092609,51.029358736666666,jasmine
38,0.121100600986878,0.1199216288961044,0.1494662117916968,0.155653722697451,0.1394782724812865,0.1311663386949381,54.072536213333336,jasmine
39,0.1473887092022673,0.1311561303719388,0.2168945499398046,0.2159820244965747,0.1960000064851335,0.1529636454525736,51.76580604,jasmine
40,0.1232036603875551,0.120966702791645,0.1741899229843712,0.1736521780174181,0.1544347590776578,0.1170171599962817,51.44147194333333,jasmine
41,0.1529968178658971,0.1371652623700701,0.1916089187723442,0.1981501543786485,0.1794782813246504,0.1449330192444694,57.36441174666667,jasmine
42,0.1279355216568996,0.1604180278421671,0.2757070493389501,0.2786434301918473,0.2259130533725753,0.1648183356901675,22.2417376,jasmine
43,0.1423063430066276,0.1455258106331678,0.1953549356197191,0.2119823327177436,0.1761739215536139,0.1567877094820632,45.81408282333334,jasmine
44,0.1083070368840258,0.1355976515267592,0.2273834320078138,0.222648130739879,0.1728695617825774,0.1391968814974277,30.535574893333333,jasmine
45,0.1419558082374268,0.1355976515267592,0.2127739314076922,0.2149820927916018,0.1893913237904102,0.1479923371925528,44.80697146,jasmine
46,0.0765860575467015,0.0864794358437136,0.120809165461599,0.1204899833551458,0.1043478251257213,0.0818355040270107,65.02010013,jasmine
47,0.1423063430066276,0.1303723249502833,0.1994755541518315,0.197983534135547,0.1779130427605385,0.1326959976689798,42.24998389,jasmine
48,0.1011216411306146,0.1162638702617122,0.1612661474132479,0.1649862434052286,0.122782627830641,0.1005736596477922,54.79878019,jasmine
49,0.0816683938994356,0.0924885678418449,0.1556471221421856,0.1433213718336941,0.1166956667590552,0.1017208204727088,47.18233162666667,jasmine
50,0.0746582655306248,0.0896146575303355,0.1322344993984127,0.1356553338854169,0.098782585677273,0.0806883432020941,59.67609189333333,jasmine
51,0.1051524627044628,0.1050294116871051,0.1672598092644073,0.1583201371619243,0.1436521560084356,0.1128106812232817,45.98390512,jasmine
52,0.1449351747182005,0.1416067835248905,0.2197040800230155,0.2196483706660209,0.1840000038321243,0.1499044109101049,48.34041954666666,jasmine
53,0.1291622739774802,0.1227955392076139,0.1837422833928569,0.173985523626803,0.156173917131932,0.1219884682563026,50.82540379,jasmine
54,0.1193480465124961,0.1123448860546622,0.1784978249111725,0.171152418837107,0.1433043170281109,0.112428349885386,65.29704400666667,jasmine
55,0.1514195606190212,0.1389941416872662,0.2691515373037239,0.2636446999046778,0.2335652161609233,0.156022963400657,23.87457813333333,jasmine
56,0.1375744817372832,0.1259307608942357,0.1991009873624536,0.1969835673895135,0.1808695635512503,0.1414913699584902,50.98832693000001,jasmine
57,0.1212758683714784,0.1225342707337287,0.1620153507827229,0.1719856602168572,0.1286956325647148,0.1307839239514277,51.86043086,jasmine
58,0.1345951749423207,0.1225342707337287,0.1843041684722834,0.1864844596926008,0.1568695582452319,0.1365200616984694,50.6174373,jasmine
59,0.1272344819614035,0.1233180761553842,0.1798089482554335,0.178151800607675,0.1610434786197307,0.1300191778700216,57.16090479666667,jasmine
60,0.0944619580022878,0.0969301318978925,0.1530249103490232,0.1593200688668971,0.1212173892665291,0.0982791711867297,51.60496097666667,jasmine
61,0.105853502399959,0.0898758831029934,0.1352313128763126,0.1254895367568286,0.1203478286630668,0.0967495122126879,58.55616703333334,jasmine
62,0.1345951749423207,0.1329849667879077,0.2301929271956653,0.2158153341713519,0.1885217631869479,0.1380497206725111,40.40203878333333,jasmine
63,0.0837714533001128,0.0906596885246488,0.1410376215420639,0.1404882670439981,0.10921738661352,0.0917782039526671,50.94486021666668,jasmine
64,0.1240799077818405,0.1188765550005638,0.176624816487485,0.1766519380912763,0.1606956396394059,0.1326959976689798,43.41053185666667,jasmine
65,0.1177707594227146,0.1112998121591216,0.1676344109491448,0.1581534818777621,0.14469567294941,0.120841307431386,57.22440719333334,jasmine
66,0.131791105689053,0.1233180761553842,0.1401011347779,0.1521539967711064,0.1372173928038747,0.1384321354160216,60.37900230333333,jasmine
67,0.1123378883007797,0.1233180761553842,0.176624816487485,0.1829847688073169,0.1518261141146204,0.1246653714608756,42.421796230000005,jasmine
68,0.134945679868616,0.126453297842006,0.1856152918165443,0.1811515606815332,0.1680000002947788,0.1346079879809172,47.724772660000006,jasmine
69,0.1154924624803426,0.112083617580777,0.1459074783390108,0.145987821339228,0.1325217139588888,0.1193116484573443,67.03215361000001,jasmine
70,0.0906063739701343,0.1068582910043011,0.1322344993984127,0.1451545799594778,0.1060869831799955,0.1055449679078131,55.36329725666667,jasmine
71,0.0913074136656305,0.1005878476310575,0.1496534951863858,0.1446546141069913,0.1264347897346526,0.1013384057291984,56.00573907666666,jasmine
72,0.1310900958364625,0.1193990919483341,0.1887993886891333,0.183818010187067,0.1692173998785659,0.1349904027244277,53.14078108666666,jasmine
73,0.0948124629285831,0.0932723732635004,0.1492788935016483,0.1493208919814104,0.1226087083404786,0.1055449679078131,51.05006562666667,jasmine
74,0.1018226509832051,0.1045068747393348,0.1440344699153234,0.1384884386751129,0.1274782329809277,0.1154875844278548,55.79259468666667,jasmine
75,0.1484402239811531,0.1235793446292693,0.1887993886891333,0.178151800607675,0.1796521639674632,0.1434034436760424,49.872650963333335,jasmine
76,0.1140904427751616,0.1173089441572529,0.1614534657032965,0.1698191765638098,0.1340869525230006,0.1307839239514277,49.41714335,jasmine
77,0.1288117690511849,0.1285434456330872,0.1996628375465205,0.2059828476110879,0.1714782795559776,0.1407265404714694,38.36450606333333,jasmine
78,0.15562564957747,0.1431743943682014,0.2234500619750309,0.2396467244369944,0.1972174060689206,0.1732313766417821,29.962976586666667,jasmine
79,0.1333683927788345,0.1288046712057452,0.1927327238265567,0.1911507375670199,0.1686956782554283,0.1338431584938964,44.45067710666667,jasmine
80,0.1328426204679388,0.1136512284240879,0.1550852021673996,0.1646529678779648,0.1453913140627099,0.1338431584938964,52.61048627666667,jasmine
81,0.0930599382971068,0.0901371944781058,0.1567709271963981,0.1474877188966873,0.1295652300155267,0.0921606186961775,52.11563666666667,jasmine
82,0.1011216411306146,0.1233180761553842,0.1548979187727106,0.162653104468019,0.11704350573938,0.1089866171937922,62.3537227,jasmine
83,0.1282860265831948,0.1259307608942357,0.2058437827923688,0.1961502909687027,0.1765217605339387,0.1307839239514277,43.1259626,jasmine
84,0.1119873833744844,0.1073807850508443,0.1736280379049447,0.1601533452877079,0.1506086776834837,0.1154875844278548,43.674628436666666,jasmine
85,0.1049771953198624,0.1146963023196286,0.1653867659453603,0.1603199655308095,0.1384347923876618,0.1261950304349173,36.50150982666666,jasmine
86,0.0935857106080025,0.1021554584743684,0.1968533423586691,0.1799850087334587,0.1608695591295683,0.1189293171194486,32.43369251666666,jasmine
87,0.0921836610599158,0.1277596402114318,0.1547106353780216,0.1574868607411135,0.1194782680596045,0.1036328941902609,53.974712536666665,jasmine
88,0.1254819573299271,0.1272371032636615,0.1698820210575698,0.1788184217443236,0.1384347923876618,0.1338431584938964,54.18304056333333,jasmine
89,0.1288117690511849,0.1272371032636615,0.1843041684722834,0.1836513549029048,0.1610434786197307,0.1326959976689798,47.50001336333333,jasmine
90,0.1142656803168564,0.1079033219986145,0.1728788345354697,0.16431962226858,0.1506086776834837,0.1101338614243235,53.53535168,jasmine
91,0.1335436303205293,0.1248856869986951,0.1728788345354697,0.1714856943643707,0.1474782742499593,0.1349904027244277,58.08780741,jasmine
92,0.1249561850190315,0.1118223491068919,0.1672598092644073,0.1661528303943636,0.1523477988904084,0.1334608271560007,52.340324445,jasmine
93,0.1370487392692931,0.117570212631138,0.1726915162454212,0.1756520414273639,0.161913039223193,0.1330784124124903,57.81568461,jasmine
94,0.0876270671751718,0.0982364742673183,0.1562090421169716,0.1458212010961264,0.1161739082885681,0.0952199366442609,49.64469438,jasmine
95,0.1160182347912383,0.1222730451610708,0.1895486269539678,0.184484596282655,0.1473043547597969,0.1265774451784277,39.0354232,jasmine
96,0.1133894030796655,0.1123448860546622,0.1603296257537244,0.1649862434052286,0.1401739135945864,0.1204588926878756,50.76624460666667,jasmine
97,0.0951629976977839,0.0966688205227802,0.1543360336932842,0.1481543049922754,0.1255651922838407,0.0902485449786254,53.79010162333333,jasmine
98,0.1300385512146711,0.1400391726815796,0.2502341347768008,0.241646517764819,0.2053912904804062,0.1472275077055319,28.45627785,jasmine
99,0.0788643544890735,0.0982364742673183,0.1410376215420639,0.1421548198856196,0.10069562637436,0.0959847661312818,49.88899263666667,jasmine
100,0.1239046403972401,0.1123448860546622,0.182056593259218,0.1779851803645735,0.1565217192649071,0.125047786204386,46.665432710000005,jasmine
1,0.108131799342331,0.1157413333139419,0.1852406901318069,0.1809849404384316,0.139999994104424,0.112428349885386,40.00646373333333,mango
2,0.1062039774833486,0.1102547382635809,0.2107136395893158,0.1893175644822968,0.1634782777873049,0.1017208204727088,39.66614479,mango
3,0.1112863735218939,0.0951012525806965,0.1470312833932233,0.1416548540331332,0.1319999923357513,0.1028680647032401,68.76208295,mango
4,0.1232036603875551,0.1013716530527129,0.1693201010827838,0.1576535160252757,0.1513043556441333,0.1089866171937922,47.9094213,mango
5,0.1300385512146711,0.0995427737355168,0.1444090716000609,0.1436546824020184,0.1420869542916734,0.1177819894833026,68.21059002,mango
6,0.13950227375336,0.140822978103235,0.1502154151611718,0.1724856260693436,0.1215651913995043,0.1476099224490424,81.34927259666667,mango
7,0.0953382352394787,0.1107772752113512,0.1934819271960317,0.1833180443345805,0.1462608746661722,0.0963670974691775,36.44570198,mango
8,0.1070802845634452,0.1102547382635809,0.2039707743686814,0.1911507375670199,0.1546087154151698,0.109751446680813,37.14803392333333,mango
9,0.122502620692059,0.1039843377915645,0.1470312833932233,0.145987821339228,0.1358261105772749,0.1082217877067713,70.5166034,mango
10,0.0927094035279059,0.094317447159041,0.118561555353174,0.1244896400929162,0.103478264522259,0.0848948219750941,82.02300503666667,mango
11,0.1358219272629013,0.1227955392076139,0.1593931738849201,0.1656528645418772,0.1375651949368499,0.1265774451784277,63.28068818666666,mango
12,0.1214511059131732,0.1183540180527935,0.1547106353780216,0.1606532760991338,0.1316521533554265,0.1009559909856879,77.04650994666666,mango
13,0.260602874740238,0.2873938626319435,0.4021352400716115,0.4047996231263851,0.4158260987861231,0.3242829483768037,3.3035533235,mango
14,0.1850683319724222,0.2414108686355197,0.3676718501804029,0.3654695367210867,0.3500869265824665,0.2833652380661057,3.784876565,mango
15,0.0904311065855339,0.1102547382635809,0.2045326594481079,0.1941504976408781,0.1471304352696345,0.1082217877067713,32.35809420333334,mango
16,0.0972660272555555,0.1097322013158106,0.197040625753358,0.1889842188729119,0.1452173945725475,0.1108986909113443,35.12187875666667,mango
17,0.1133894030796655,0.0937949102112707,0.1374789229847375,0.1294891934945991,0.1252173901508655,0.1013384057291984,74.38669213,mango
18,0.08640025516878,0.0896146575303355,0.1374789229847375,0.1291559179673353,0.1067825874459458,0.071892887506969,79.28477832,mango
19,0.0821941662103313,0.0796864555226996,0.119498042117338,0.1118240137018956,0.104695664106046,0.077246693916115,75.10414122333333,mango
20,0.1232036603875551,0.1013716530527129,0.1472185667879123,0.1453212352436399,0.1325217139588888,0.1082217877067713,71.63745726666667,mango
21,0.1181212643490099,0.1071195165769591,0.1369170379053111,0.1434880271178563,0.1179130294954927,0.1116635203983652,76.66530224,mango
22,0.1126883932270749,0.0958850580023519,0.140288418172589,0.1338221608006938,0.1302608711288266,0.0986615859302401,85.19250194666667,mango
23,0.1324921155416435,0.1324624727413645,0.1689454993980463,0.180318319301783,0.1347826304836502,0.1323135829254694,69.94476276,mango
24,0.1025236608357956,0.08883085210868,0.1346693929015266,0.1239896742404298,0.1233043494537785,0.092543033439688,81.81984705,mango
25,0.2264283310759413,0.2837361039975513,0.4171193423564707,0.413798868306899,0.4099130572046996,0.3200764696038037,3.41070477,mango
26,0.1933052723476248,0.2881776680535989,0.4066304253931019,0.4114657293696895,0.370782608964798,0.3070745351356786,2.190603067,mango
27,0.1168945120284292,0.1173089441572529,0.1955422190144081,0.1879843572500602,0.148347798006072,0.1170171599962817,38.89570944666667,mango
28,0.1358219272629013,0.1293272510547427,0.2232627785803419,0.213482230275203,0.179304361834488,0.1315487534384486,36.09544379,mango
29,0.0927094035279059,0.0906596885246488,0.1232440589647129,0.1236563636721055,0.1069565437834578,0.0948374384951358,68.39430179,mango
30,0.1048019577781676,0.090920956998534,0.1320471811083642,0.1261561578934772,0.1182608684758175,0.0956023513877714,81.01195287666667,mango
31,0.1076060270314352,0.0998040851106292,0.1127552117920632,0.1206566035982473,0.1090435039707072,0.1032504794467505,81.18250139333334,mango
32,0.12337889792925,0.1316786673197091,0.1578947322506105,0.1701524871321341,0.1229565104734538,0.1258126156914069,66.79369031666667,mango
33,0.1244304425510414,0.1026779954221387,0.161828067388034,0.156320308793039,0.142608675914811,0.1101338614243235,73.47294177,mango
34,0.1417805706957319,0.1220117337859584,0.1859898935012819,0.1773185592279249,0.1700869604820281,0.1281071041524694,66.95608843333332,mango
35,0.1107606012109982,0.1450032736853975,0.1297995709999392,0.1579868265935999,0.0925217419628745,0.1346079879809172,71.145193465,mango
36,0.1098843538167129,0.1079033219986145,0.1715677111912087,0.1638196914571541,0.1441739144789228,0.1131930959667922,44.26221342333333,mango
37,0.1100595913584077,0.1290659825808576,0.219329478338278,0.2163153000238384,0.1591304379226437,0.1242829567173651,29.772420676666663,mango
38,0.110935838752693,0.1329849667879076,0.1901105120333943,0.199316706326723,0.1382608728974994,0.1177819894833026,39.61552427666667,mango
39,0.1244304425510414,0.1554539697395764,0.2749578808648347,0.2671443907899618,0.2130434901161038,0.1594646126866362,19.236042536666663,mango
40,0.1112863735218939,0.1180927495789083,0.2110882063786937,0.1996500168950473,0.159304357412806,0.1158699991713652,34.70563768666667,mango
41,0.1126883932270749,0.1128674230024325,0.141974178096947,0.1476543391397889,0.1182608684758175,0.1089866171937922,74.95575676,mango
42,0.1083070368840258,0.0998040851106292,0.1372916395900486,0.1413215785058695,0.1161739082885681,0.1001912449042818,70.77118043333334,mango
43,0.0839467206847132,0.0859568988959433,0.1136916985562271,0.1121573242702199,0.093043463586012,0.0852772367186046,73.38593289333333,mango
44,0.0960392749349749,0.0849118250004027,0.1243678640189254,0.1141571526391052,0.1156521866654305,0.0864244809491358,81.06435594666667,mango
45,0.0962145124766697,0.0877857782131394,0.1200599271967645,0.1191567410818486,0.1010435022020344,0.088336554666688,72.93234145333334,mango
46,0.1642130948789678,0.1345525776312185,0.1685708977133088,0.1783184558918372,0.1533913158313827,0.1537284749395945,93.55306406333334,mango
47,0.1293375413620806,0.1042456062654496,0.1562090421169716,0.1516540309186199,0.138782594520637,0.1162523305092609,81.20779357666666,mango
48,0.097967037108146,0.096407552048895,0.1327964193731987,0.1326556088526193,0.1095652255938447,0.0963670974691775,65.36972012,mango
49,0.1074307596468348,0.1617243702115929,0.3118561642591573,0.2938088508042396,0.2473043400208571,0.1586997831996153,11.835600826666669,mango
50,0.1033999082300809,0.1612018332638226,0.2981831853185591,0.2866427787084489,0.2269565334661999,0.1525813141146779,13.642617876666668,mango
51,0.0991938192716322,0.1541476273701506,0.2991197069780826,0.2843096397712393,0.2213912940177517,0.1464626782185111,15.485848796666668,mango
52,0.0993690866562326,0.158066654478428,0.299681592057509,0.2873093998450974,0.2213912940177517,0.1491395814230841,14.920746976666669,mango
53,0.0983175718773469,0.1261920293681209,0.1874883002402318,0.1879843572500602,0.1250435075080528,0.1120458517362609,40.67667822,mango
54,0.1338941352468246,0.1389941416872662,0.2020978008403535,0.2069827442750003,0.1622608782035177,0.1315487534384486,44.929064,mango
55,0.1440588676381039,0.1585891914261983,0.1781232581217946,0.2018165005480947,0.1319999923357513,0.1502868256536154,58.48311051333334,mango
56,0.0962145124766697,0.142129363373888,0.1938565288807692,0.1933172212200673,0.1262608702444902,0.1089866171937922,49.94804492666666,mango
57,0.129512808746681,0.1207054343177598,0.1369170379053111,0.1516540309186199,0.1259130312641655,0.1227533811489381,88.13580753333333,mango
58,0.1279355216568996,0.1133899170489755,0.141974178096947,0.1503207886453227,0.1271304676953022,0.1173996581454069,86.60396438,mango
59,0.1088328091949215,0.1233180761553842,0.1520883886894997,0.1619864833313704,0.124695668527728,0.1082217877067713,73.19187475,mango
60,0.12337889792925,0.1107772752113512,0.140288418172589,0.1476543391397889,0.1243478295474032,0.1170171599962817,68.99135758666665,mango
61,0.1272344819614035,0.1925538785251321,0.3176625078202681,0.3188067930179565,0.2939130315589443,0.2206501375921574,8.577138006666667,mango
62,0.1144409178585512,0.1617243702115929,0.3051132990385229,0.295975334457287,0.2309565343505363,0.160229442173657,15.593116566666668,mango
63,0.0920083936753154,0.1444807367376272,0.2846974897726499,0.269477564768232,0.2187826122073648,0.1483747519360632,15.786143533333336,mango
64,0.0921836610599158,0.1413455579522326,0.2721483507816237,0.2576452147980221,0.1982608861625453,0.1315487534384486,17.52642003,mango
65,0.1119873833744844,0.1055519057336482,0.1635137575216729,0.1618198630882688,0.1382608728974994,0.1128106812232817,51.65565694666666,mango
66,0.1168945120284292,0.1217504653120732,0.2084660294808908,0.1978168438103243,0.1596521963931308,0.1116635203983652,43.61921671333334,mango
67,0.1051524627044628,0.1008491161049426,0.1726915162454212,0.1649862434052285,0.1375651949368499,0.1032504794467505,43.91946335,mango
68,0.1168945120284292,0.0903984629519909,0.1730661179301587,0.1599866549624852,0.1467825962893097,0.1193116484573443,55.30040634333333,mango
69,0.1009463737460141,0.1719137977918866,0.3015546004811965,0.2963086450256113,0.2173913299807649,0.1548757191701258,13.364435326666666,mango
70,0.0972660272555555,0.1418680949000029,0.2856340114321734,0.2681443224949347,0.2053912904804062,0.1338431584938964,17.737077646666666,mango
71,0.0948124629285831,0.129849788002513,0.2367484741262511,0.227814339425724,0.1641739189006048,0.1185468189703234,20.795965196666668,mango
72,0.1237294028555452,0.2090137065774424,0.306049855593406,0.3209732416299433,0.2302608563898868,0.1869980571913134,14.375718563333336,mango
73,0.1133894030796655,0.1003265791571723,0.1457201949443219,0.1451545799594778,0.1302608711288266,0.1047800550151775,66.03464509999999,mango
74,0.1023484232941008,0.1021554584743684,0.1762502496981071,0.1673193823424381,0.1353043521067877,0.1051624697586879,43.31667256,mango
75,0.1153172249386478,0.1050294116871051,0.1777486564370571,0.1664861059216273,0.1511304361539709,0.1086042024502818,46.95531819666667,mango
76,0.1035751756146814,0.1094709328419255,0.182056593259218,0.1738188683426408,0.1351304326166253,0.1070746268818548,44.48305078333333,mango
77,0.0988433441882425,0.1024167269482535,0.1721295962706352,0.1634863808888298,0.1335651940525135,0.0982791711867297,42.40519991,mango
78,0.1388012639007694,0.1904637307340509,0.3225323297218556,0.3264727959251731,0.2839999890931845,0.206500958893501,11.59273773,mango
79,0.1097090864321124,0.1596342653217389,0.2985577870032966,0.2933088849517531,0.2246956537887882,0.1632886767161258,16.33250414666667,mango
80,0.1335436303205293,0.129849788002513,0.2221389735261294,0.2159820244965747,0.1852174034159114,0.1369024764419798,37.600818185,mango
81,0.1151419277111418,0.1050294116871051,0.1651994825506714,0.1616532078041067,0.1413913131783735,0.1105162761678339,56.30920909,mango
82,0.1209253336022776,0.1052906801609902,0.17737401985696,0.1686525895746747,0.1502608755505086,0.1108986909113443,54.265239363333336,mango
83,0.10725552210514,0.1029392638960238,0.1723169145606837,0.159819999678323,0.1445217534592476,0.1028680647032401,47.94354766333333,mango
84,0.1274097493460039,0.1227955392076139,0.1689454993980463,0.1749854202907153,0.1434782733656229,0.1284894354903651,57.099052916666665,mango
85,0.10725552210514,0.1126061116273201,0.198351749097619,0.1823181476706682,0.1488695564765591,0.0913957892091567,48.293243106666665,mango
86,0.1070802845634452,0.1099934697896958,0.1717550294812573,0.1731522121649316,0.1292173910352019,0.1101338614243235,46.01157404333333,mango
87,0.1142656803168564,0.0990202796889738,0.1532121937437122,0.1518206862027821,0.1229565104734538,0.1024856499597296,59.57915006333334,mango
88,0.1053277300890633,0.0948399841068113,0.1485296901321733,0.1413215785058695,0.1283478304317396,0.0986615859302401,59.71110639666667,mango
89,0.1033999082300809,0.0961463264762371,0.1509646185306467,0.1423214751697818,0.1328695897865632,0.0998088301607714,69.16990089,mango
90,0.1393270362116651,0.1037230693176793,0.1528375920589746,0.1488209261289239,0.1577391188486942,0.1216061369184069,78.32532597333334,mango
91,0.1359971946475018,0.1128674230024325,0.1665106058949324,0.1641530020254784,0.1488695564765591,0.1154875844278548,63.203385913333335,mango
92,0.1323168779999487,0.1034618008437942,0.1432852665458484,0.1433213718336941,0.1452173945725475,0.116634828658386,75.80318785333333,mango
93,0.1218016108394685,0.1146963023196285,0.2017231642602564,0.1884842880614861,0.1678260808046164,0.1200764779443652,38.13202518,mango
94,0.1140904427751616,0.1144350338457434,0.1843041684722834,0.1791517673537085,0.1535652353215451,0.1193116484573443,38.53463331333333,mango
95,0.1223273831503642,0.1233180761553842,0.1869264151608054,0.1963169462528649,0.1525217552279204,0.1334608271560007,43.409857503333335,mango
96,0.1139151753905611,0.1131286914763176,0.1846787701570209,0.178151800607675,0.149739153927371,0.112428349885386,43.66111464666667,mango
97,0.1398527786796552,0.1170476756833677,0.180932753309646,0.1789850770284858,0.1646956773710919,0.1365200616984694,67.50378754,mango
98,0.1267087394934134,0.1146963023196285,0.1680089777385228,0.1693192457523839,0.1464347941563346,0.1189293171194486,58.02233383,mango
99,0.1163687397175336,0.1008491161049426,0.1567709271963981,0.1526539275825323,0.142608675914811,0.1173996581454069,61.942167516666665,mango
100,0.1076060270314352,0.1079033219986145,0.1348567111915751,0.1433213718336941,0.1113043468007694,0.1051624697586879,70.41529162666666,mango
1,0.1689449561483122,0.1494448377414451,0.2672784939846768,0.2596450081258467,0.2196521728108271,0.1655831651771883,24.128911523333333,rice
2,0.1033999082300809,0.1834095248403789,0.3296497617318679,0.3214732074824298,0.2706087042135755,0.1889101309088655,8.262535663,rice
3,0.1403785509905509,0.2090137065774424,0.3775988122736261,0.3708024357321544,0.2626087024449027,0.1827915784183134,8.058497402666667,rice
4,0.1226778880766595,0.227824950894719,0.4159955024068987,0.4036330010961895,0.3787826107334708,0.2906310347871891,4.119555461333333,rice
5,0.0755345427678158,0.1355976515267592,0.2640943971120879,0.2459795201119744,0.1796521639674632,0.1216061369184069,22.37215188,rice
6,0.1048019577781676,0.1719137977918866,0.3049260156438338,0.3536371867508768,0.2561739023929921,0.1923518636004594,6.642405665333334,rice
7,0.117946026807315,0.185238404157575,0.3362053086624537,0.326306140641011,0.316869556771338,0.2313575001936052,6.802617245333333,rice
8,0.1540483624876884,0.2414108686355197,0.2742086426000001,0.3851345799237359,0.243478258626683,0.2956022596415952,3.1912899953333334,rice
9,0.1048019577781676,0.1954278317378688,0.3629893116735044,0.3531372208983904,0.3151304355644133,0.221797298417074,6.970479356666666,rice
10,0.1030494033037857,0.1248856869986951,0.2313167322498777,0.2178151625402372,0.1733913202530646,0.1227533811489381,21.4643025,rice
11,0.0848229979219041,0.1450032736853975,0.2697134572785098,0.2609782503991439,0.2600000206345157,0.173996206128803,12.31811558,rice
12,0.0727304436716425,0.1126061116273201,0.1944184139601956,0.1878177019658981,0.1758260825732892,0.1154875844278548,17.773013289999998,rice
13,0.0951629976977839,0.149706063314103,0.2753324476542126,0.2713107028118944,0.2959999917461937,0.2114722671535219,8.341274355000001,rice
14,0.0832457108321227,0.1230568505827263,0.2352500673873011,0.2163153000238384,0.1806956809084375,0.1177819894833026,20.26094802333333,rice
15,0.1298633136729763,0.2393207208444385,0.4195542009642251,0.4124656260336018,0.3393043603605941,0.2401529558887304,4.5715718406666666,rice
16,0.0941114530759925,0.1452645421592827,0.261284867028877,0.2583118008936101,0.2841739085833469,0.2019120653769906,7.952168069666667,rice
17,0.0778128098672821,0.1183540180527935,0.2376849608904151,0.223314716835467,0.1721739206692775,0.109751446680813,32.240294580000004,rice
18,0.0937609481496973,0.1282821771592021,0.1891739903738707,0.2279809947098861,0.1518261141146204,0.1189293171194486,21.79069738333333,rice
19,0.0662460577708217,0.1039843377915645,0.1850533718417584,0.174652109722391,0.1269565113577902,0.0894837988972193,42.33249078333333,rice
20,0.0694006319503847,0.1123448860546622,0.1929200072212457,0.1816515265340196,0.1333913114097007,0.0959847661312818,46.77751998333334,rice
21,0.0725552061299476,0.1162638702617122,0.1547106353780216,0.1831513890504184,0.1172173883821928,0.1005736596477922,40.39720041333334,rice
22,0.1019978885248999,0.1875898204225414,0.2740213243099517,0.3384718011795451,0.2144347723427036,0.2003824064029489,9.834843474333333,rice
23,0.1041009479255771,0.1261920293681209,0.1788724614912696,0.2099825043488584,0.1636521972774672,0.1162523305092609,28.048259490000003,rice
24,0.0856992751590951,0.1426519003216584,0.2133358164871187,0.2433130355653799,0.158086957829019,0.1304015092079173,31.58517208666667,rice
25,0.0692253645657843,0.1133899170489755,0.1994755541518315,0.195817015441439,0.1410434741980487,0.1028680647032401,35.80126854,rice
26,0.0760602852358058,0.1366427254222998,0.2577261684715506,0.2676443566424482,0.2036522061208311,0.1625238472291049,20.747571776666664,rice
27,0.0716789288927567,0.1123448860546622,0.2193294783382781,0.2094825384963719,0.1554782760186321,0.1021032352162192,29.14193016,rice
28,0.0729057110562429,0.1136512284240879,0.2189548766535406,0.2054828817586015,0.1549565175481449,0.1005736596477922,35.285204310000005,rice
29,0.0760602852358058,0.1274983717375467,0.2019104476549454,0.2148154375074396,0.1471304352696345,0.1181644876324277,41.190247813333336,rice
30,0.0729057110562429,0.1212279712655302,0.2172691516245421,0.2243146485404399,0.1641739189006048,0.1151051696843443,25.07183042,rice
31,0.0806169089634554,0.1342913091573334,0.1859898935012819,0.2209815778982575,0.1452173945725475,0.1246653714608756,31.280128583333333,rice
32,0.0706274141138709,0.1126061116273201,0.1878628670296098,0.1878177019658981,0.1321739118259136,0.0982791711867297,38.29160831,rice
33,0.0711531864247666,0.1039843377915645,0.1756883297233211,0.165486209257715,0.1372173928038747,0.0982791711867297,45.79441654333333,rice
34,0.0723799685882528,0.1233180761553842,0.222888211790964,0.2094825384963719,0.1608695591295683,0.1089866171937922,34.359721140000005,rice
35,0.0760602852358058,0.129849788002513,0.2416182960278385,0.2269810630049132,0.1756521999304764,0.1177819894833026,22.909492036666663,rice
36,0.0692253645657843,0.114173722470631,0.2129612148023812,0.1984834649469729,0.1613913176000554,0.1070746268818548,21.7502016,rice
37,0.078163344636483,0.1416067835248905,0.2575388501815021,0.2439796917430891,0.1853913229060738,0.1235181272303443,22.081816823333337,rice
38,0.0699263744183748,0.1047681003119927,0.1826184434432849,0.1714856943643707,0.1389565140107993,0.0982791711867297,35.05737190666667,rice
39,0.0757097803095106,0.1295884766274006,0.2401198892888885,0.2248146143929264,0.1659130401075294,0.109751446680813,24.76033576,rice
40,0.0683490873285933,0.1097322013158106,0.2039707743686814,0.1889842188729119,0.1587825989423189,0.1051624697586879,27.871352556666665,rice
41,0.080441641578855,0.1395166357338093,0.2635325120326615,0.2496458662814205,0.1940869657880465,0.1296367631265111,23.94511801333333,rice
42,0.0793900969570636,0.1504899116369857,0.2361865541514651,0.2601449739783332,0.1746086829895021,0.1376673059290007,20.154670566666667,rice
43,0.0739572258351287,0.1248856869986951,0.1882375036097068,0.2094825384963719,0.1346087109934878,0.11128102224924,31.150176446666663,rice
44,0.080441641578855,0.1363814569484147,0.2661547238258239,0.2576452147980221,0.1961738891279463,0.1334608271560007,24.007469760000003,rice
45,0.0786891169473787,0.1196603604222193,0.2477992063783273,0.226814407720751,0.179304361834488,0.1128106812232817,26.89243199333333,rice
46,0.081843661284036,0.1473546470491366,0.2581007701562881,0.2779768440962593,0.1933913246747466,0.1388145501595319,16.193003386666668,rice
47,0.0753592753832153,0.1222730451610708,0.2566023634173381,0.2254812004885144,0.1805217245709255,0.1074569582197505,22.50631833,rice
48,0.079039621873674,0.1434356628420866,0.2109009229840047,0.2516456946503058,0.1575652362058814,0.1307839239514277,18.68269238333333,rice
49,0.0848229979219041,0.1285434456330872,0.2597864951852865,0.2479793484808596,0.1993043294088204,0.1380497206725111,30.34459299333333,rice
50,0.0895548591912486,0.1288046712057452,0.2811387912153235,0.2506457979863934,0.2142608528525413,0.1227533811489381,18.61879543666667,rice
51,0.0871012948642761,0.1450032736853975,0.3053006173285714,0.3231397252829907,0.2841739085833469,0.2141491703580949,8.200334818,rice
52,0.0813179188160459,0.1246244614260372,0.2552912400730772,0.2344804456690282,0.1885217631869479,0.1231357958924486,26.54998939,rice
53,0.0765860575467015,0.1212279712655302,0.2384341991552496,0.2238146826879535,0.169739158349053,0.1116635203983652,32.63734251333333,rice
54,0.079565364341664,0.1395166357338093,0.242742101082051,0.2466461062075624,0.1833043627188244,0.1441682731630632,35.641913653333326,rice
55,0.0800911366525597,0.1261920293681209,0.2318786173293042,0.2291475816990211,0.1702608799721905,0.1181644876324277,30.05557363,rice
56,0.0869260274796757,0.1562377751612319,0.279827702766422,0.3156403776599362,0.2353043373678479,0.1797323438758447,9.583878396333333,rice
57,0.0723799685882528,0.1094709328419255,0.2481738080630648,0.2199816812343452,0.1765217605339387,0.1021032352162192,24.43857647,rice
58,0.1041009479255771,0.1792292721594438,0.359617896510867,0.3903008236506414,0.4168695788797477,0.3602294338330956,2.725630929,rice
59,0.0874517997905714,0.1643370549504444,0.3066117057774728,0.2979751978672328,0.2379130560255844,0.1594646126866362,14.29965182,rice
60,0.0672975725497075,0.1071195165769591,0.220265965102442,0.2031497428213919,0.1526956378707331,0.0990439172681358,30.57870521,rice
61,0.0970907897138607,0.1682560391574945,0.3039894939843104,0.3098075478374426,0.2466086989075571,0.1900573751393968,16.564180676666666,rice
62,0.0779880772518826,0.1583278800510859,0.2301929271956653,0.2863094681401246,0.1822608826251997,0.1674952388947405,12.429251843333333,rice
63,0.0739572258351287,0.1308948189968264,0.2466754013241149,0.2354803773740012,0.1886956458297607,0.1281071041524694,23.69654728,rice
64,0.0751840378415205,0.1269758347897763,0.2067803044518923,0.2143154716549531,0.1479999958730968,0.113957925453813,32.222201786666666,rice
65,0.0616894638860778,0.0990202796889738,0.17737401985696,0.164819623162127,0.1180869858330047,0.0810707579456046,44.22934772999999,rice
66,0.0615141965014773,0.0969301318978925,0.1711931095064712,0.1596533794352215,0.1147825892146186,0.0799235137150733,46.43683478,rice
67,0.067472839934308,0.1133899170489755,0.2073422244266784,0.1933172212200673,0.138086953407337,0.0933077795210941,38.5316278,rice
68,0.0669470676234123,0.1008491161049426,0.1740026046943226,0.1614865525199445,0.1121739074042317,0.0776291086596254,41.83511982,rice
69,0.0613389291168769,0.0896146575303355,0.1562090421169716,0.1446546141069913,0.1012173848448472,0.071892887506969,47.82949863666666,rice
70,0.0644935331393455,0.0945787156329261,0.1612661474132479,0.1501541333611606,0.1081739065198953,0.0780115234031359,55.10028373333333,rice
71,0.0615141965014773,0.085434361948173,0.1378535246694751,0.1299891593470855,0.1036521840124213,0.0730401317375003,51.70545849,rice
72,0.0658955528445265,0.0979751628922059,0.1672598092644073,0.1558203429405525,0.1151304281949434,0.0826004169196463,62.56345445333333,rice
73,0.0622152063540679,0.0898758831029934,0.1487169735268622,0.1374885420112006,0.1043478251257213,0.071892887506969,54.4024687,rice
74,0.0599369094116959,0.0856956304220581,0.1417868249115389,0.1319889877159707,0.0966956254900237,0.0711281414255629,51.221634323333326,rice
75,0.0592358697161997,0.0870019727914839,0.1490916101069593,0.1373218867270384,0.0963478233570485,0.067686408733969,49.08002853,rice
76,0.0641430282130502,0.0898758831029934,0.1520883886894997,0.141488198748971,0.1076521848967577,0.077246693916115,42.138644846666665,rice
77,0.0609884241905816,0.0901371944781058,0.1532121937437122,0.1413215785058695,0.1008695458645224,0.0707456432764377,51.67352338,rice
78,0.0683490873285933,0.0856956304220581,0.1395392496984735,0.1278226756940381,0.0932173830761744,0.0680688234774795,56.69399447999999,rice
79,0.0616894638860778,0.0838667511048621,0.1384154097489015,0.1288225723579504,0.1012173848448472,0.0730401317375003,54.64510465333333,rice
80,0.0606379192642864,0.0872632412653691,0.139913851383211,0.1328222641367815,0.10069562637436,0.0711281414255629,44.734561785,rice
81,0.0580091173956191,0.0822991402615511,0.1365424362205736,0.1271560545573895,0.0926956614530369,0.066156833165542,50.659245633333335,rice
82,0.057308077700123,0.0778576191067308,0.1266154741273503,0.1183234646610378,0.0913043423790874,0.0665392479090525,49.25679658333333,rice
83,0.0606379192642864,0.0903984629519909,0.1526503086642857,0.1429880963064304,0.1019130628054967,0.0692160677080108,47.694628755,rice
84,0.0686996220977942,0.0940561786851559,0.1528375920589746,0.1429880963064304,0.1069565437834578,0.0799235137150733,58.98609637333334,rice
85,0.0651945131490304,0.0945787156329261,0.1519011052948107,0.1426547857381061,0.1067825874459458,0.0791586842280524,61.19142675333333,rice
86,0.0231335638787319,0.0337034615262759,0.0357745132354696,0.0331638759323594,0.0246956464193182,0.0175908279846355,56.753482196666674,rice
87,0.0630914835912588,0.0885695407335676,0.1481550884474358,0.1369885761587141,0.1038260666552341,0.0753346201985629,55.07307381,rice
88,0.0609884241905816,0.0862181673698285,0.1464693983137969,0.1361552997379033,0.1040000229927461,0.0726578003996046,44.86081283666667,rice
89,0.064318265754745,0.0917047624201895,0.1494662117916968,0.1393217150959236,0.1081739065198953,0.0783939381466463,66.96124118666667,rice
90,0.0627409786649635,0.0896146575303355,0.1502154151611718,0.1396550256642479,0.1019130628054967,0.0738049612245212,64.04693122,rice
91,0.0604626817225915,0.0870019727914839,0.1460947617336998,0.1359886794948018,0.1031304255419342,0.0726578003996046,42.96799257999999,rice
92,0.0825446711366265,0.0992815481628589,0.1650121642606228,0.1529872731919171,0.1151304281949434,0.0822179187705211,53.40243961666667,rice
93,0.0664212953125166,0.085434361948173,0.1369170379053111,0.1281559862623624,0.1024347844286343,0.0734225464810107,53.21092012333333,rice
94,0.110935838752693,0.0919660308940746,0.1520883886894997,0.1403216468008966,0.138086953407337,0.1036328941902609,64.74168022666667,rice
95,0.0615141965014773,0.0893533890564503,0.1519011052948107,0.141488198748971,0.1071304264262706,0.0757170349420733,59.03500507,rice
96,0.0681738497868985,0.1011103845788278,0.1659486859201464,0.1564869640772012,0.1158260693082433,0.0845124906371984,52.68914196666666,rice
97,0.0636172559021545,0.0911822254724191,0.1556471221421856,0.1436546824020184,0.1031304255419342,0.0738049612245212,50.94865640333333,rice
98,0.0615141965014773,0.0870019727914839,0.1477804867626983,0.1366553006314504,0.098782585677273,0.0711281414255629,60.41271053666666,rice
99,0.0618647014277726,0.0883082722596825,0.1520883886894997,0.1409882328964846,0.1097391082366575,0.0806883432020941,52.74285287666667,rice
100,0.0580091173956191,0.0833442141570918,0.1397265330931625,0.1298225040629233,0.0970434644703484,0.0684512382209899,48.13026337666667,rice
1,0.1207500960605827,0.1452645421592827,0.2315040156445667,0.2263144769093252,0.186956524622836,0.1418737847020007,46.05352228,sugarcane
2,0.1039256805409766,0.1303723249502833,0.2071549061366298,0.2028164322530676,0.1662608790878542,0.129254264977386,45.52574725,sugarcane
3,0.1053277300890633,0.1348138461051037,0.2260723086635529,0.214148816370791,0.1686956782554283,0.1219884682563026,36.24924508333333,sugarcane
4,0.1144409178585512,0.1410842465771202,0.2346881474125152,0.2269810630049132,0.1732174007629022,0.1239006253794694,30.190986613333333,sugarcane
5,0.1156677000220374,0.1640757864765593,0.2614721853189255,0.2574785244727994,0.2123478490028038,0.1564052947385528,25.644963176666664,sugarcane
6,0.1067297497942443,0.1572828490567725,0.2539801516241757,0.2478126931966975,0.1880000047164607,0.1411090386205945,30.719148333333333,sugarcane
7,0.0958640075503744,0.1191378234744489,0.1843041684722834,0.1801516640176209,0.1405217525749112,0.1108986909113443,46.64230506333333,sugarcane
8,0.1009463737460141,0.126453297842006,0.2017231642602564,0.1948170837364661,0.1549565175481449,0.1173996581454069,47.22782611333333,sugarcane
9,0.13950227375336,0.2199869395793916,0.3689829386293043,0.3581368093411338,0.2831304284897222,0.1977055031983759,11.645574656666668,sugarcane
10,0.1067297497942443,0.1225342707337287,0.1942311305655066,0.1879843572500602,0.1620869587133554,0.1200764779443652,57.242156515000005,sugarcane
11,0.1051524627044628,0.1348138461051037,0.2521071432004882,0.2376468960681091,0.2010434874630946,0.1311663386949381,19.08562244,sugarcane
12,0.1028741657620909,0.1369039938961849,0.2461135162446884,0.2339804798165418,0.1808695635512503,0.125047786204386,28.69756745333333,sugarcane
13,0.1671924016739303,0.2327890518985369,0.3910844729241757,0.3863011318718104,0.3751304488294592,0.2944550154110639,7.806609920666666,sugarcane
14,0.0916579185919257,0.1105160067374661,0.178685143201221,0.169985831847972,0.1379130707645243,0.0990439172681358,53.01166049666667,sugarcane
15,0.1883981735365855,0.2395819893183237,0.407379698553296,0.4084659692958313,0.4530434694815879,0.3946462603153458,8.678608537,sugarcane
16,0.1123378883007797,0.149706063314103,0.2511706215409647,0.2429797600381162,0.2003478463497947,0.1499044109101049,32.22016929666666,sugarcane
17,0.0988433441882426,0.1259307608942357,0.2095897996397437,0.2011499144525067,0.1587825989423189,0.1170171599962817,33.00017684,sugarcane
18,0.1049771953198624,0.1254082239464654,0.2157707448855921,0.2068161240318987,0.1610434786197307,0.116634828658386,32.72204224,sugarcane
19,0.109533819047512,0.1361201884745295,0.2260723086635529,0.2184818187179464,0.1711304405756528,0.125047786204386,35.488711263333336,sugarcane
20,0.1069050171788447,0.1319399357935942,0.2176437533092796,0.2101491596330205,0.1674782418242916,0.1242829567173651,44.67426375333333,sugarcane
21,0.1268839770351082,0.1559764637861195,0.2699007406731988,0.2596450081258467,0.2071304116873308,0.1502868256536154,26.69702357,sugarcane
22,0.1237294028555452,0.1523187480529546,0.2474246046935898,0.2404799307756839,0.1904347670366853,0.1384321354160216,35.037729203333335,sugarcane
23,0.1291622739774802,0.1593729968478537,0.2659674055357754,0.2573118691886372,0.2142608528525413,0.1609942716606779,25.48413069,sugarcane
24,0.1033999082300809,0.129849788002513,0.201535845970208,0.1996500168950473,0.1622608782035177,0.1261950304349173,41.74339204333333,sugarcane
25,0.108131799342331,0.1272371032636615,0.199850155836569,0.1934839115452901,0.1556521586614448,0.1177819894833026,50.350142655,sugarcane
26,0.1142656803168564,0.1405617525305771,0.2279453170872404,0.2208149226140953,0.181217402531575,0.1346079879809172,40.363155785,sugarcane
27,0.1268839770351082,0.1403004411554647,0.2148342581214282,0.2129822644227165,0.169565202011541,0.1338431584938964,47.84454505,sugarcane
28,0.117946026807315,0.1444807367376272,0.2105263212992672,0.2079826409389126,0.1676521981618036,0.1326959976689798,55.235288015,sugarcane
29,0.1175955218810198,0.1340300835846755,0.2125866480130032,0.2074827101274867,0.1688695608982411,0.1311663386949381,48.35992706333334,sugarcane
30,0.1091833141212167,0.1358589200006443,0.2172691516245421,0.2119823327177436,0.1666086812208293,0.131931168181959,39.6042206,sugarcane
31,0.1207500960605827,0.1630306696797914,0.2725229175710017,0.2696441850113334,0.2260869728627376,0.17131930292423,26.379995753333333,sugarcane
32,0.1053277300890633,0.1274983717375467,0.2099644013244812,0.2036496736328178,0.1516521946244581,0.1135755107103026,33.70806787333333,sugarcane
33,0.1111111061372935,0.1308948189968264,0.2112754897733827,0.2038163639580405,0.1636521972774672,0.1204588926878756,36.59704636333333,sugarcane
34,0.1275849868876987,0.1507511372096437,0.2637198303227099,0.2538121783033532,0.2012173701059074,0.1388145501595319,25.73783059333333,sugarcane
35,0.127059214576803,0.1418680949000029,0.2330024223835167,0.2304808239723184,0.1902608843938725,0.1449330192444694,41.28433818333333,sugarcane
36,0.1319663432307479,0.1476159155230218,0.2232627785803419,0.2241479932562778,0.1744348003466893,0.1369024764419798,36.85378793333333,sugarcane
37,0.1302138185992715,0.1361201884745295,0.2178310715993281,0.2103158149171827,0.1867826051326737,0.1372848911854902,30.49634293,sugarcane
38,0.1414300657694367,0.1468321530025936,0.2388087659446275,0.2328139278684673,0.1996522052364947,0.1384321354160216,42.75473501,sugarcane
39,0.1209253336022776,0.1267145663158912,0.2007866774960925,0.1989833957583987,0.1596521963931308,0.1242829567173651,46.85582199666667,sugarcane
40,0.1338941352468246,0.1523187480529546,0.2311294488551888,0.2358136879423255,0.192695646714097,0.1575526223746988,32.21103173,sugarcane
41,0.108657541810321,0.1481384524707921,0.2410563760530525,0.235313722089839,0.1789565228541632,0.1342256566430215,32.63164744666667,sugarcane
42,0.1260076997979172,0.1486610323197897,0.2539801516241757,0.241646517764819,0.1845217623026115,0.1265774451784277,29.735523016666665,sugarcane
43,0.1267087394934134,0.1481384524707921,0.2556658766531742,0.2464794859644608,0.1963478086181087,0.1391968814974277,28.88168007,sugarcane
44,0.1321416106153483,0.1494448377414451,0.2772054909732596,0.2618115268199547,0.2104347714583672,0.1418737847020007,28.14873971333333,sugarcane
45,0.1272344819614035,0.1489222578924476,0.239370651024054,0.2366469293220756,0.1895652432805726,0.1434034436760424,39.81650987,sugarcane
46,0.1151419277111418,0.1295884766274006,0.2007866774960925,0.2014831899797704,0.1626087171838425,0.1269598599219381,40.6178067,sugarcane
47,0.1193480465124961,0.1274983717375467,0.2359992707567761,0.2239813379721156,0.1925217272239346,0.1311663386949381,30.390584203333333,sugarcane
48,0.1240799077818405,0.128020908685317,0.2077167912160563,0.2039829842011421,0.1768695626669139,0.1357552322114485,35.236960536666665,sugarcane
49,0.1358219272629013,0.1481384524707921,0.2206405667871795,0.2179818528654599,0.1770434821570763,0.1380497206725111,53.63236424666667,sugarcane
50,0.1174202544964194,0.1416067835248905,0.221015168471917,0.2163153000238384,0.1652173989942295,0.1254302009478964,49.99226144,sugarcane
51,0.1160182347912383,0.1392553672599241,0.2361865541514651,0.2239813379721156,0.1885217631869479,0.1346079879809172,41.1904836,sugarcane
52,0.1314405709198522,0.1350751145789889,0.2135231347771672,0.2081492962230747,0.1791304423443256,0.1346079879809172,56.1250446,sugarcane
53,0.132667382926244,0.1455258106331678,0.2721483507816237,0.2588117667460965,0.2147826113230284,0.1464626782185111,33.216668633333335,sugarcane
54,0.138625996516169,0.1763553618479343,0.2970593802643466,0.2881426762659082,0.2269565334661999,0.1609942716606779,21.896234466666662,sugarcane
55,0.1135646704642659,0.1259307608942357,0.2170818682298531,0.2103158149171827,0.1791304423443256,0.129254264977386,40.08870340333333,sugarcane
56,0.1300385512146711,0.1523187480529546,0.2483611263531133,0.2469794167758867,0.2149564939658412,0.1632886767161258,30.099368873333333,sugarcane
57,0.1167192446438288,0.1426519003216584,0.2376849608904151,0.2304808239723184,0.1805217245709255,0.1315487534384486,33.48194572,sugarcane
58,0.1536978575613932,0.1789680036855586,0.3281513549929179,0.3211398969141055,0.282608670019235,0.2068833736370115,19.290633716666665,sugarcane
59,0.1309148284518621,0.1499673317879882,0.2725229175710017,0.2604782845466575,0.232695655557461,0.1609942716606779,23.15484190333333,sugarcane
60,0.1508937883081255,0.1763553618479343,0.306049855593406,0.3039746829738886,0.2582608994275912,0.1912045359643134,22.722344043333333,sugarcane
61,0.1449351747182005,0.1418680949000029,0.242742101082051,0.2379801715953728,0.2144347723427036,0.1717017176677404,32.2781181,sugarcane
62,0.1373992143526828,0.1473546470491366,0.239370651024054,0.234147135100704,0.1923478445811219,0.1418737847020007,36.43375068,sugarcane
63,0.1142656803168564,0.1397779471089217,0.2545420715989617,0.2454795542594879,0.2026086891798568,0.1403442091335737,27.771953816666667,sugarcane
64,0.1098843538167129,0.1400391726815796,0.2423674993973135,0.2339804798165418,0.1940869657880465,0.1426386141890215,31.823972555,sugarcane
65,0.1244304425510414,0.1557152382134616,0.2719610673869347,0.2656445633146236,0.2179130516039024,0.1544933044266153,22.93712952,sugarcane
66,0.1449351747182005,0.1622469071593632,0.2624086720830894,0.2611449407243667,0.2239999758281386,0.164435920946657,25.93694874666667,sugarcane
67,0.134945679868616,0.179751809107214,0.2981831853185591,0.2984751286786587,0.2478260984913442,0.1866157258534177,22.7101098,sugarcane
68,0.1359971946475018,0.1510124056835288,0.2684023339342488,0.258145145609448,0.2208695723946142,0.1567877094820632,27.260446580000004,sugarcane
69,0.1239046403972401,0.1423905889465459,0.2318786173293042,0.2251478899201901,0.1862608466621865,0.1326959976689798,39.11447659,sugarcane
70,0.1365229669583974,0.1598954908943968,0.2721483507816237,0.2661444941260495,0.2175652494709273,0.1564052947385528,24.163435586666665,sugarcane
71,0.1361724321891966,0.1504899116369857,0.2566023634173381,0.2506457979863934,0.2073043680248427,0.1483747519360632,25.354178556666668,sugarcane
72,0.1258324622562224,0.1363814569484147,0.2245739019246029,0.2168152658763249,0.1787826402113505,0.129254264977386,42.07880031333334,sugarcane
73,0.131791105689053,0.1371652623700701,0.2052818977129424,0.204982915906115,0.1653913184843918,0.1304015092079173,47.33927361333334,sugarcane
74,0.1393270362116651,0.1460483475809381,0.2466754013241149,0.2376468960681091,0.2106086909485296,0.1521988159655528,45.68081551,sugarcane
75,0.1090080467366163,0.1376877993178404,0.2286944855613557,0.2209815778982575,0.1711304405756528,0.1231357958924486,34.804096423333334,sugarcane
76,0.1361724321891966,0.138732873213381,0.2080913929007938,0.2076493654116488,0.186956524622836,0.1548757191701258,60.6085591,sugarcane
77,0.1116368784481892,0.1413455579522326,0.2522944265951772,0.2389800682592852,0.181217402531575,0.1235181272303443,32.00766468,sugarcane
78,0.1074307596468348,0.1486610323197897,0.2345008640178262,0.2358136879423255,0.1699130409918658,0.1349904027244277,27.963421436666664,sugarcane
79,0.1330178878525393,0.1397779471089217,0.2223262569208184,0.2154820586440882,0.1810434830414126,0.1311663386949381,38.40777314,sugarcane
80,0.1175955218810198,0.1431743943682014,0.2365611558362026,0.2254812004885144,0.1855652055488865,0.1323135829254694,35.88310737,sugarcane
81,0.1635120850263773,0.1977792480028352,0.3556845613734436,0.3469710805075726,0.3212173966359991,0.2432121904311991,12.013623823333331,sugarcane
82,0.121100600986878,0.1429131258943163,0.240869057763004,0.2329805831526295,0.1947826069013465,0.1411090386205945,33.12401971333333,sugarcane
83,0.1319663432307479,0.140822978103235,0.2363738724415136,0.2269810630049132,0.1932174051845842,0.1346079879809172,39.386737716666666,sugarcane
84,0.1223273831503642,0.1350751145789889,0.2309421305651403,0.2199816812343452,0.1779130427605385,0.1231357958924486,34.630338040000005,sugarcane
85,0.1163687397175336,0.1314173988458239,0.221764371841392,0.2133155749910408,0.1704347626150033,0.1219884682563026,33.59011734333333,sugarcane
86,0.1212758683714784,0.1423905889465459,0.2474246046935898,0.2358136879423255,0.1911304449973348,0.1349904027244277,28.76396532333333,sugarcane
87,0.1198738188233918,0.1447420052115123,0.2442405078210009,0.2378135163112107,0.1834782822089868,0.1284894354903651,30.46228887333333,sugarcane
88,0.1182965317336103,0.140822978103235,0.2320659356193527,0.2269810630049132,0.1909565255071724,0.1441682731630632,37.46214425666667,sugarcane
89,0.1286365315094901,0.1588504599000834,0.2642817154021364,0.2583118008936101,0.2027826086700192,0.1456978487314902,23.392959373333337,sugarcane
90,0.1400280460642557,0.1578053860045428,0.2627832737678269,0.2574785244727994,0.2198260923009895,0.1518164012220423,36.10388185333333,sugarcane
91,0.1232036603875551,0.1403004411554647,0.2298182906155682,0.2266477524365889,0.1873043636031608,0.1407265404714694,34.33071451666667,sugarcane
92,0.121100600986878,0.1483997209446773,0.2468627196141634,0.2424797941856298,0.2062608510838685,0.1575526223746988,33.22605927666667,sugarcane
93,0.1361724321891966,0.1538863588962655,0.2506087364615383,0.244479622554515,0.2015652090862321,0.1453155173935945,32.46691031333333,sugarcane
94,0.1309148284518621,0.1528412850007249,0.2534182316493897,0.2516456946503058,0.1963478086181087,0.1533460601960841,24.844353276666663,sugarcane
95,0.1736768174176566,0.2100588233742102,0.3614909049345545,0.365136261193823,0.3146087139412758,0.2393881264017095,11.681826256333332,sugarcane
96,0.1458114221124858,0.1745264825307382,0.3081101125164228,0.2996416806267332,0.255826100260017,0.1808795047007612,23.45784663,sugarcane
97,0.1196985514387913,0.1423905889465459,0.2511706215409647,0.2433130355653799,0.2041739277439687,0.1445506879065737,27.24069856,sugarcane
98,0.1291622739774802,0.1593729968478537,0.2723356341763127,0.2623114926724411,0.2140869702097284,0.1460803468806154,26.70068928666667,sugarcane
99,0.127059214576803,0.1483997209446773,0.2586626901310741,0.2466461062075624,0.2076521701578179,0.1376673059290007,25.939408803333336,sugarcane
100,0.1531720852504975,0.1656433973198702,0.2942498501811357,0.2841429844870772,0.2469565010405323,0.1674952388947405,22.097378823333333,sugarcane
