,Leaf No.,Read number,gain,integration time,410 nm,435 nm,460 nm,485 nm,510 nm,535 nm,560 nm,585 nm,610 nm,645 nm,680 nm,705 nm,730 nm,760 nm,810 nm,860 nm,900 nm,940 nm,led,led current,saturation check,time,Avg Total Chlorophyll (µg/cm2),Avg Chlorophyll a (µg/cm2),Avg Chlorophyll b (µg/cm2),Avg Total Chlorophyll (µg/mg),Avg Chlorophyll a (µg/mg),Avg Chlorophyll b (µg/mg)
3,1,1,64,50,0.1281427412814274,0.1182417777975508,0.1680248896810227,0.0985365231724753,0.1638473801415536,0.2253712328481025,0.0734275571036238,0.080328943447947,0.1429121624290623,0.0814268199588239,0.1094949212398818,0.1187256637168141,0.392989247311828,0.3454262027917523,0.3342630887114872,0.3738926473724,0.2675358803315141,0.3106048825999067,b'White IR',12.5 mA,b'OK Read',10:17:13,24.128911523333333,19.630075533333333,4.498835993666666,2.1551265993333337,1.754398171,0.4007284283333334
255,2,1,64,50,0.1538253582049202,0.1080536987398369,0.1481225253958389,0.1074885936233573,0.1727673669910862,0.2486529103402184,0.0799115814856989,0.0965139145462129,0.2228494871423492,0.1064794466677462,0.1423276630710327,0.1424424778761062,0.4396989247311827,0.3757528519804435,0.3342630887114872,0.3561943900595111,0.2587763627787885,0.3106048825999067,b'White IR',12.5 mA,b'OK Read',10:30:08,8.262535663,7.00980406,1.2527316026666666,0.8895885506666666,0.7542991793333332,0.1352893716666666
507,3,1,64,50,0.1154366044876993,0.121300425986275,0.1810755562851525,0.1009771690329396,0.1680778606918882,0.2233453770806792,0.2606202692745663,0.2559203861510041,0.2662152553754592,0.1941520738393208,0.1770135841535691,0.2908318584070796,0.3463225806451613,0.3090767377595125,0.353916193773845,0.3716827882993778,0.3771983020012128,0.4014927693982273,b'White IR',12.5 mA,b'OK Read',10:42:41,8.058497402666667,6.8291873963333325,1.2293100056666668,0.7546381636666667,0.638723245,0.1159149186666666
759,4,1,64,50,0.1538253582049202,0.1172296433060094,0.1605204632419903,0.1319223728906171,0.1995335305903443,0.2550594181408074,0.1807086877888673,0.213574876348251,0.332955877124837,0.2045848851465451,0.1843039213972272,0.2522477876106195,0.4046881720430107,0.3515198752922837,0.3820332788304318,0.3982204819043557,0.3355232127215147,0.3864095786036386,b'White IR',12.5 mA,b'OK Read',10:55:55,4.119555461333333,3.787223440333333,0.332332021,0.417294756,0.383583945,0.0337108106666666
1011,5,1,64,50,0.1281427412814274,0.1274177223637233,0.1951072703039683,0.0879452129645651,0.1563354857919124,0.2243583049643908,0.2159823162971398,0.1780823550443954,0.1606350481256665,0.1179532258437622,0.1624154268431266,0.2373805309734513,0.365763440860215,0.3272868986041238,0.3455163348401783,0.3849613274662221,0.3925611481706085,0.3939511740009329,b'White IR',12.5 mA,b'OK Read',11:11:08,22.37215188,18.450766703333333,3.921385175333333,2.047048235333333,1.6880857786666663,0.3589624566666667
1263,6,1,64,50,0.1538253582049202,0.121300425986275,0.1706358047129361,0.1131895052228,0.1882625875405524,0.259445291451724,0.0748744055194587,0.0834396043144032,0.2439661869461598,0.0991695389668972,0.1624154268431266,0.1364955752212389,0.400774193548387,0.3454262027917523,0.3398736815106922,0.3606141082055557,0.2368438784448487,0.287902348001866,b'White IR',12.5 mA,b'OK Read',11:23:30,6.642405665333334,5.945800224666667,0.6966054406666666,0.7518668403333333,0.6729733923333333,0.0788934486666666
1515,7,1,64,50,0.1281427412814274,0.1182417777975508,0.1712885334709144,0.1083082135018714,0.1802792613407274,0.2341429794699358,0.150472235246835,0.1793218520946308,0.2737566987504444,0.1680584792616068,0.1624154268431266,0.2284601769911504,0.3618924731182795,0.3151704102600439,0.367990766567279,0.3915909046852889,0.3267636951687891,0.3712486394028922,b'White IR',12.5 mA,b'OK Read',11:37:11,6.802617245333333,6.0167739503333335,0.7858432956666667,0.6873532676666668,0.6083133003333333,0.079039967
1767,8,1,64,50,0.1666666666666666,0.1264055878721818,0.1765103635347411,0.131102753012103,0.2107982705894759,0.2746287671518974,0.0741509813115413,0.0853107681306239,0.2707381463388942,0.118994193712554,0.1970838651025367,0.1364955752212389,0.400774193548387,0.3454262027917523,0.3230419031130775,0.3296373117258224,0.2302742402803045,0.287902348001866,b'White IR',12.5 mA,b'OK Read',11:49:59,3.1912899953333334,2.950135578,0.2411544173333333,0.3944828849999999,0.364212291,0.030270594
2019,9,1,64,50,0.1281427412814274,0.1274177223637233,0.1967371379211956,0.0977169032939612,0.1619740588421385,0.2334694346400451,0.2282269408533726,0.2335021750789583,0.2726243301249555,0.1837192625320965,0.1879578314306194,0.2789380530973451,0.400774193548387,0.3454262027917523,0.3736013593664839,0.3982204819043557,0.3684387844484872,0.4091121132016794,b'White IR',12.5 mA,b'OK Read',9:43:04,6.970479356666666,6.045766428333333,0.9247129283333332,0.6367286193333334,0.5523267339999999,0.0844018856666666
2271,10,1,64,50,0.0897539875642065,0.0591264500773003,0.0655777431219195,0.0537488502554482,0.0798146528462697,0.1703807355736095,0.1742246634067921,0.099624575412669,0.1327307201074433,0.059497096856277,0.1660518540533925,0.1987964601769911,0.365763440860215,0.2545171118826613,0.2050591516783687,0.1703529959098222,0.2302742402803045,0.1742341781993469,b'White IR',12.5 mA,b'OK Read',9:59:32,21.4643025,17.7246249,3.739677599,2.176717850333333,1.7971427210000002,0.3795751293333333
2523,11,1,64,50,0.1154366044876993,0.1223236828348663,0.1902098503414123,0.0846940541131257,0.1445993139425969,0.2081671226582569,0.2282269408533726,0.2148143733984863,0.2183265961789142,0.1555437322167989,0.1733596741201769,0.2552212389380531,0.3463225806451613,0.3090767377595125,0.3398736815106922,0.3672436854246225,0.3706286638366687,0.3939511740009329,b'White IR',12.5 mA,b'OK Read',10:13:07,12.31811558,10.589299946666667,1.7288156373333334,1.167927301,1.0037902216666668,0.1641370793333333
2775,12,1,64,50,0.1409840497431738,0.1111123469285611,0.1641124256885897,0.0773630096441939,0.1380302832933236,0.2321171237025124,0.0698372295532185,0.0740957034741672,0.1210416474646793,0.0761988479955585,0.1113131348450147,0.1098053097345132,0.4474838709677419,0.3878693403245234,0.269661120194928,0.2986605152460891,0.2478269658378815,0.2954439433991603,b'White IR',12.5 mA,b'OK Read',10:30:52,17.773013289999998,14.70633405,3.0666792416666664,2.095760188,1.7341241639999998,0.3616360236666666
3027,13,1,64,50,0.1666666666666666,0.1284409792123146,0.1892327114821633,0.1058675676414071,0.1807506931909113,0.2719293665545832,0.0921562060419318,0.1095882247780227,0.2424585566250148,0.1127252538804969,0.1642336404482595,0.1661592920353982,0.4396989247311827,0.369730036136895,0.3483056009746401,0.3738926473724,0.2741392089481841,0.325765821800653,b'White IR',12.5 mA,b'OK Read',10:48:23,8.341274355000001,7.148699472666666,1.1925748823333333,0.8527596856666667,0.7308231853333332,0.1219365006666666
3279,14,1,64,50,0.1154366044876993,0.1202882914947335,0.1869501151069576,0.0830639212436365,0.1464788382926723,0.2165994862262692,0.1180655100810503,0.1120791371193611,0.1538474199112539,0.0897776955284647,0.1551076067763422,0.1721061946902654,0.3891182795698925,0.3394033869482038,0.3455163348401783,0.3871711865392443,0.3179704871639377,0.3560877002021458,b'White IR',12.5 mA,b'OK Read',11:01:59,20.26094802333333,16.876511596666667,3.384436427666667,1.9998540953333328,1.6657139046666665,0.3341401903333333
3531,15,1,64,50,0.1409840497431738,0.1284409792123146,0.1938018127880116,0.1148196380922891,0.1798140325412037,0.2425805643156993,0.1763815392859535,0.1942673261426613,0.3276758792315694,0.1795322584376229,0.1989020787076697,0.2522477876106195,0.3774193548387097,0.3272868986041238,0.3736013593664839,0.3849613274662221,0.3179704871639377,0.3787902348001866,b'White IR',12.5 mA,b'OK Read',11:14:34,4.5715718406666666,4.109723106333334,0.4618487343333333,0.4506378813333334,0.404652748,0.0459851333333333
3783,16,1,64,50,0.1154366044876993,0.1274177223637233,0.196408819264488,0.0895753458340542,0.1492950232924552,0.2139000856289551,0.18502243954719,0.1936475776175436,0.2503785534649163,0.1565847000855907,0.1824857077920942,0.2433274336283185,0.3463225806451613,0.3090767377595125,0.3426950081754352,0.3628239672785779,0.3355232127215147,0.3864095786036386,b'White IR',12.5 mA,b'OK Read',11:27:42,7.952168069666667,6.941628350999999,1.0105397186666665,0.9117851996666668,0.796262664,0.1155225356666666
4035,17,1,64,50,0.1281427412814274,0.1223236828348663,0.1876028438649359,0.0838744342346116,0.1389669439430312,0.2209853595371859,0.1159086342018889,0.1126988856444788,0.1417797938035735,0.09290059913484,0.1186209549117991,0.1572389380530973,0.428,0.3878693403245234,0.365169439902536,0.4181285982902669,0.3377130921096961,0.3787902348001866,b'White IR',12.5 mA,b'OK Read',9:38:12,32.240294580000004,26.13324059,6.107053987333333,2.2499515666666667,1.8233960056666667,0.4265555606666666
4287,18,1,64,50,0.1281427412814274,0.1274177223637233,0.196408819264488,0.0879452129645651,0.1558702569923888,0.2378553079509617,0.0648000535869783,0.0635123055836958,0.1255645384281143,0.0688889402947095,0.1277295057605902,0.0949380530973451,0.4046881720430107,0.3515198752922837,0.2780930396588759,0.3163781572876887,0.2346539990566673,0.2802830041984139,b'White IR',12.5 mA,b'OK Read',9:52:52,21.79069738333333,17.846340180000002,3.944357202666666,2.183246786,1.786886547,0.396360239
4539,19,1,64,50,0.1409840497431738,0.0947958491363489,0.1429046038874492,0.0692214521842869,0.1075112740445751,0.19770368204507,0.0950365061290106,0.0846791013646385,0.0980387638748074,0.0709708760322931,0.0948967639294393,0.1364955752212389,0.4435698924731182,0.4121023170126833,0.3370844153762303,0.3938007637583112,0.3135907283875749,0.3484683563986938,b'White IR',12.5 mA,b'OK Read',10:05:42,42.33249078333333,34.08798503333333,8.244505749333333,2.920105967,2.3514395473333334,0.5686664203333334
4791,20,1,64,50,0.1538253582049202,0.0795137305497781,0.1086461154821789,0.0716620980447512,0.097183194695151,0.1801601888014034,0.0921562060419318,0.0853107681306239,0.1036940234637312,0.0741169122579749,0.0930610675011801,0.1335221238938053,0.4591397849462366,0.4364061503578261,0.3398736815106922,0.3982204819043557,0.3135907283875749,0.3560877002021458,b'White IR',12.5 mA,b'OK Read',10:18:01,46.77751998333334,37.38856900333334,9.388950979666667,3.034177937666666,2.4251721756666664,0.6090057619999999
5043,21,1,64,50,0.1538253582049202,0.0815491218899109,0.1151694945065253,0.0724726110357263,0.1032869965449007,0.1926442639042626,0.0921562060419318,0.0859305166557416,0.1146292809459228,0.0730759443891831,0.0930610675011801,0.1424424778761062,0.4747096774193549,0.4364061503578261,0.3483056009746401,0.4070793029251556,0.3048312108348494,0.3484683563986938,b'White IR',12.5 mA,b'OK Read',10:32:14,40.39720041333334,32.52003332666666,7.877167087333333,2.849456314,2.293190763666667,0.5562655503333334
5295,22,1,64,50,0.1154366044876993,0.1172296433060094,0.1892327114821633,0.0895753458340542,0.1455421776429648,0.2122136129153526,0.1965436398955053,0.1986294023002204,0.2541476292677788,0.1576256679543825,0.1897760450357523,0.2463008849557522,0.3735483870967742,0.3333097144476724,0.362348113237793,0.3938007637583112,0.3596455764436359,0.4014927693982273,b'White IR',12.5 mA,b'OK Read',10:46:57,9.834843474333333,8.371776504333333,1.4630669713333333,0.8702122626666666,0.7404787623333334,0.1297335003333333
5547,23,1,64,50,0.1409840497431738,0.1192650346461422,0.1820566036998385,0.0765433897656797,0.1342712345931729,0.2243583049643908,0.0827918815727778,0.080328943447947,0.1135002040896941,0.0699299081635013,0.1058410112064896,0.127575221238938,0.4435698924731182,0.3939630128250549,0.3202205764483344,0.3672436854246225,0.2850886058890911,0.325765821800653,b'White IR',12.5 mA,b'OK Read',10:59:27,28.048259490000003,22.75448508,5.2937744140000005,2.626493391,2.130591931,0.4959014606666667
5799,24,1,64,50,0.1154366044876993,0.116206386457418,0.1823810138011092,0.0846940541131257,0.1366221907934322,0.207488356550615,0.1331904347243619,0.1320064358500685,0.152715051285765,0.1075204145365379,0.1313834157939824,0.184,0.4124731182795699,0.369730036136895,0.365169439902536,0.4159187392172446,0.3618354558318173,0.4014927693982273,b'White IR',12.5 mA,b'OK Read',11:14:44,31.58517208666667,25.31606580333333,6.269106285333333,1.9300336463333327,1.546974847666667,0.383058799
6051,25,1,64,50,0.1409840497431738,0.1192650346461422,0.1804228275271742,0.0814337883741473,0.142254560792998,0.2199724316534742,0.1497488110389175,0.1276443596925094,0.1187769102137016,0.09290059913484,0.1167852584835399,0.1869734513274336,0.420258064516129,0.3757528519804435,0.3567375204385881,0.4114990210712002,0.3771983020012128,0.3864095786036386,b'White IR',12.5 mA,b'OK Read',9:25:49,35.80126854,28.92993799,6.871330551,2.7862744310000003,2.251448732,0.5348256993333333
6303,26,1,64,50,0.1409840497431738,0.1182417777975508,0.1735711298461201,0.0944657444425218,0.1586864419921717,0.2321171237025124,0.202304240069663,0.184935343543293,0.1821270096251333,0.1367369127206273,0.1405094494658997,0.2522477876106195,0.4241290322580645,0.3636363636363637,0.362348113237793,0.4070793029251556,0.3903712687824271,0.4014927693982273,b'White IR',12.5 mA,b'OK Read',9:39:16,20.747571776666664,16.864934413333334,3.882637366,1.8343721616666664,1.4909973736666666,0.343374788
6555,27,1,64,50,0.1538253582049202,0.0744085686638712,0.0916790763301791,0.0749223637837296,0.1056317496944997,0.1781395543117311,0.0734275571036238,0.0691138787914903,0.1172692798925566,0.0709708760322931,0.1021871011730974,0.1068318584070796,0.4747096774193549,0.4303124778572946,0.3314738225770254,0.3783123655184445,0.2412236372212115,0.2802830041984139,b'White IR',12.5 mA,b'OK Read',9:56:14,29.14193016,24.117611,5.024319162333334,2.4237723973333334,2.005738045333333,0.4180343523333333
6807,28,1,64,50,0.1281427412814274,0.1223236828348663,0.1810755562851525,0.0912054787035434,0.1600945344920632,0.2267235437856352,0.192939915600509,0.1562838924974673,0.1259430918930306,0.1075204145365379,0.122257382122065,0.2106902654867256,0.392989247311828,0.3515198752922837,0.3595588471033311,0.4114990210712002,0.4100801832760596,0.4014927693982273,b'White IR',12.5 mA,b'OK Read',10:08:43,35.285204310000005,28.85770201,6.427502299,2.418592552,1.977906093,0.440686459
7059,29,1,64,50,0.1538253582049202,0.0723731773237384,0.0851556973058327,0.0798036555046581,0.1061031815446836,0.1636296234414485,0.1123049099068926,0.1058578153864489,0.1327307201074433,0.0897776955284647,0.1131313484501477,0.1631858407079646,0.4824946236559139,0.4424289662013746,0.3736013593664839,0.4269874193110667,0.3465063001145476,0.3712486394028922,b'White IR',12.5 mA,b'OK Read',10:22:21,41.190247813333336,33.20720567666667,7.983042135333332,2.314702097333333,1.8660459996666667,0.448656098
7311,30,1,64,50,0.1409840497431738,0.1049950505511128,0.1461643391219039,0.0846940541131257,0.1389669439430312,0.2051283390071218,0.1108714582356487,0.1083487277277873,0.1383859796963672,0.0939415670036318,0.1076592248116225,0.1631858407079646,0.420258064516129,0.3636363636363637,0.3342630887114872,0.3827320836644891,0.3092109696112122,0.3409267610013994,b'White IR',12.5 mA,b'OK Read',10:35:42,25.07183042,20.50585461333333,4.565975808,2.362691151,1.932354299,0.4303368523333333
7563,31,1,64,50,0.1281427412814274,0.1192650346461422,0.1735711298461201,0.0903949657125684,0.1521112082922381,0.2186253419936926,0.1281532587581217,0.1201716226684941,0.1391397948569397,0.0991695389668972,0.1186209549117991,0.1780530973451327,0.4046881720430107,0.3636363636363637,0.3511269276393832,0.3982204819043557,0.3420928508860589,0.3636292955994402,b'White IR',12.5 mA,b'OK Read',10:47:18,31.280128583333333,25.35031163333333,5.92981695,2.8969486156666666,2.3478389456666666,0.5491096693333334
7815,32,1,64,50,0.1538253582049202,0.0937837146448075,0.1334419911744818,0.0757328767747047,0.1150231683942162,0.1973695202690002,0.1195123584968852,0.1058578153864489,0.1119925737685491,0.0835087556964075,0.1040053147782303,0.1631858407079646,0.4786236559139785,0.4424289662013746,0.365169439902536,0.4247775602380445,0.3596455764436359,0.3864095786036386,b'White IR',12.5 mA,b'OK Read',11:05:02,38.29160831,31.21586852333333,7.075739784333334,2.806308711666667,2.2877869273333333,0.5185217839999999
8067,33,1,64,50,0.1538253582049202,0.0764550823610539,0.0949427201200708,0.0732922309142404,0.1018789040450093,0.1693678076898978,0.141107910777681,0.1195518741433764,0.1161402030363279,0.0897776955284647,0.1076592248116225,0.1721061946902654,0.4591397849462366,0.4424289662013746,0.3567375204385881,0.4114990210712002,0.3706286638366687,0.3787902348001866,b'White IR',12.5 mA,b'OK Read',9:54:08,45.79441654333333,36.16824409,9.626172455333332,3.6315873736666666,2.8680551076666667,0.763532266
8319,34,1,64,50,0.1409840497431738,0.089701809607492,0.1210440533283303,0.0757328767747047,0.120655538393782,0.1987166099287817,0.1166320584098064,0.1095882247780227,0.1270754605185195,0.0887367276596729,0.0985331911397052,0.1572389380530973,0.4591397849462366,0.4181959895132148,0.3511269276393832,0.402659584779111,0.3333333333333333,0.3636292955994402,b'White IR',12.5 mA,b'OK Read',10:06:22,34.359721140000005,27.641778466666665,6.717942672,2.929088021333333,2.3554742646666664,0.5736137563333333
8571,35,1,64,50,0.1538253582049202,0.0825723787385022,0.1063635191069732,0.0798036555046581,0.1230064945940413,0.2041154111234101,0.0871190300756916,0.0896609260473154,0.1342383504285883,0.0835087556964075,0.1040053147782303,0.1305486725663716,0.455268817204301,0.4060795011691349,0.3230419031130775,0.3650338263516002,0.2850886058890911,0.3182242264033587,b'White IR',12.5 mA,b'OK Read',10:20:39,22.909492036666663,18.77788152333333,4.131610510000001,2.183849364,1.7898875863333334,0.3939617776666666
8823,36,1,64,50,0.1538253582049202,0.1182417777975508,0.1758576347767628,0.0806232753831722,0.1427259926431819,0.23684238006725,0.0964699578002545,0.0934032536797568,0.1274507222141757,0.0793217516019338,0.1076592248116225,0.1424424778761062,0.4396989247311827,0.3878693403245234,0.3258311692475393,0.3738926473724,0.2828987265009097,0.325765821800653,b'White IR',12.5 mA,b'OK Read',10:34:11,21.7502016,16.820244746666663,4.929956850666667,2.302413336666667,1.781709302,0.5207040343333333
9075,37,1,64,50,0.1666666666666666,0.0988777541736644,0.1409464176135142,0.0838744342346116,0.1342712345931729,0.2327958898101543,0.1015071337664947,0.1008759907037721,0.1542226816069101,0.0866316593027828,0.1131313484501477,0.1572389380530973,0.4786236559139785,0.4242188053567633,0.3595588471033311,0.4070793029251556,0.3048312108348494,0.3484683563986938,b'White IR',12.5 mA,b'OK Read',10:46:32,22.081816823333337,18.2699787,3.8118381236666665,1.893637592,1.5667596246666669,0.3268779673333333
9327,38,1,64,50,0.1538253582049202,0.0764550823610539,0.1004889602851682,0.0716620980447512,0.0985912871950425,0.1869113009335644,0.0806350056936164,0.0747154519992849,0.1033187617680751,0.0657660366883342,0.1076592248116225,0.1246017699115044,0.5097204301075269,0.4727556153900659,0.3595588471033311,0.4159187392172446,0.2960716932821238,0.3409267610013994,b'White IR',12.5 mA,b'OK Read',10:58:59,35.05737190666667,28.454830116666667,6.602541793666667,2.1382764206666667,1.735757594,0.4025188266666666
9579,39,1,64,50,0.1538253582049202,0.0978544973250731,0.1350718587917091,0.0798036555046581,0.1258226795938242,0.2152523965664877,0.087829057539018,0.0902806745724331,0.1315983514819545,0.0814268199588239,0.1076592248116225,0.1335221238938053,0.4474838709677419,0.3999858286686034,0.3258311692475393,0.3716827882993778,0.2807088471127283,0.3182242264033587,b'White IR',12.5 mA,b'OK Read',11:11:18,24.76033576,20.28088467666667,4.479451085666667,2.143342263333333,1.755555384,0.387786879
9831,40,1,64,50,0.1281427412814274,0.1253823310235905,0.1921680366153473,0.0806232753831722,0.1403750364429226,0.2182859589398717,0.1274298345502043,0.1164412132769203,0.1300907211608095,0.0908186633972564,0.122257382122065,0.1721061946902654,0.400774193548387,0.3576135477928151,0.3342630887114872,0.3805222245914668,0.3245738157806078,0.3560877002021458,b'White IR',12.5 mA,b'OK Read',11:27:15,27.871352556666665,22.597818176666664,5.273534381666667,2.957234201,2.397592314333333,0.5596418866666667
10083,41,1,64,50,0.1538253582049202,0.1192650346461422,0.1725939909868711,0.08713469997359,0.1478869307925637,0.2334694346400451,0.1785518119097059,0.1569155592634527,0.1591241260352614,0.1106433181429133,0.1167852584835399,0.2106902654867256,0.4513548387096774,0.3939630128250549,0.3707800327017409,0.4247775602380445,0.383767940165757,0.4091121132016794,b'White IR',12.5 mA,b'OK Read',9:19:54,23.94511801333333,19.60343307333333,4.34168494,1.6803023856666668,1.3756862246666668,0.3046161603333333
10335,42,1,64,50,0.1409840497431738,0.1223236828348663,0.1889083013808926,0.08713469997359,0.1502316839421627,0.2324565067563334,0.186469287963025,0.1631368809963649,0.1602564946607502,0.1137893543685951,0.1423276630710327,0.2166371681415929,0.420258064516129,0.3636363636363637,0.3595588471033311,0.4070793029251556,0.3662489050603059,0.3939511740009329,b'White IR',12.5 mA,b'OK Read',9:33:03,20.154670566666667,16.376153983333335,3.77851658,1.6147121093333334,1.31199333,0.3027187796666666
10587,43,1,64,50,0.1281427412814274,0.1233469396834577,0.1898854402401416,0.0863150800950759,0.1408464682931065,0.2125529959691735,0.1461450867439212,0.126404862642274,0.132352166642527,0.0960235027412154,0.1386912358607668,0.1899469026548672,0.3852043010752688,0.3394033869482038,0.3398736815106922,0.3893810456122666,0.3574556970554545,0.3787902348001866,b'White IR',12.5 mA,b'OK Read',9:45:39,31.150176446666663,25.19746921,5.952707238,2.7316973683333337,2.209128585666667,0.5225687826666667
10839,44,1,64,50,0.1538253582049202,0.0978544973250731,0.1308310761425684,0.0814337883741473,0.1333345739434654,0.2091748292642175,0.1684640632326344,0.1600262201299088,0.1625179401424678,0.1210761294501376,0.1149670448784069,0.2196106194690265,0.4747096774193549,0.4242188053567633,0.365169439902536,0.4137088801442223,0.3662489050603059,0.3939511740009329,b'White IR',12.5 mA,b'OK Read',10:11:50,24.007469760000003,19.579184646666665,4.428285114666667,1.755736461,1.4319865079999998,0.3237499533333334
11091,45,1,64,50,0.1409840497431738,0.1111123469285611,0.1667194321650661,0.0814337883741473,0.1394383757932151,0.2338035964161149,0.0935896577131757,0.0952624992551099,0.1361245342146497,0.0835087556964075,0.1094949212398818,0.1394690265486725,0.4474838709677419,0.3999858286686034,0.3342630887114872,0.3827320836644891,0.2982615726703052,0.3409267610013994,b'White IR',12.5 mA,b'OK Read',10:24:04,26.89243199333333,21.88646027333333,5.005971721000001,2.17340985,1.768615820666667,0.4047940299999999
11343,46,1,64,50,0.1538253582049202,0.1243590741749991,0.1856446575910009,0.0936461245640077,0.1657269044916289,0.2577588187381215,0.1079911581485699,0.1139503009355819,0.1760931965712931,0.0991695389668972,0.1295652021888494,0.1661592920353982,0.4513548387096774,0.3878693403245234,0.3398736815106922,0.3805222245914668,0.2982615726703052,0.3409267610013994,b'White IR',12.5 mA,b'OK Read',10:47:29,16.193003386666668,13.163380573333331,3.029622818,1.4457491976666663,1.1751523076666668,0.270596891
11595,47,1,64,50,0.1538253582049202,0.1192650346461422,0.1787929599099468,0.0814337883741473,0.1441340851430733,0.2395417806645642,0.1159086342018889,0.1102079733031404,0.139518348321856,0.0876726271715746,0.1167852584835399,0.1631858407079646,0.4591397849462366,0.3999858286686034,0.3426950081754352,0.3915909046852889,0.3114008489993936,0.3560877002021458,b'White IR',12.5 mA,b'OK Read',10:59:27,22.50631833,18.34497025,4.1613480780000005,1.9514537323333327,1.5904293166666663,0.3610244156666666
11847,48,1,64,50,0.1281427412814274,0.121300425986275,0.1856446575910009,0.0846940541131257,0.1460074064424884,0.2182859589398717,0.1389510348985196,0.1320064358500685,0.1655364925540179,0.1033334104420643,0.1569258203814752,0.1899469026548672,0.3969032258064516,0.3454262027917523,0.3455163348401783,0.3849613274662221,0.3311434539451519,0.3712486394028922,b'White IR',12.5 mA,b'OK Read',11:15:58,18.68269238333333,15.212891309999998,3.469801073333333,1.7420231016666667,1.4185483106666668,0.323474791
12099,49,1,64,50,0.1409840497431738,0.1151831296088266,0.1768347736360118,0.08713469997359,0.142254560792998,0.2253712328481025,0.1382276106906022,0.1344973481914069,0.1674193845708191,0.1127252538804969,0.1204391685169321,0.1958230088495575,0.4319139784946236,0.3878693403245234,0.3763906255009458,0.4269874193110667,0.3574556970554545,0.3939511740009329,b'White IR',12.5 mA,b'OK Read',9:17:38,30.34459299333333,24.41968986,5.924903130666666,1.896007199,1.5254402133333336,0.3705669856666667
12351,50,1,64,50,0.1666666666666666,0.1060183073997041,0.1422518751294708,0.0952762574334969,0.152582640142422,0.2344823625237568,0.0907093576260968,0.0940230022048745,0.1644041239285291,0.0876726271715746,0.1332191122222416,0.1483893805309734,0.4669247311827956,0.3999858286686034,0.3511269276393832,0.3938007637583112,0.2916582440536352,0.3333074171979474,b'White IR',12.5 mA,b'OK Read',9:32:24,18.61879543666667,15.265319533333331,3.3534759063333333,1.6119429413333333,1.3216472546666669,0.290295686
12603,51,1,64,50,0.1666666666666666,0.0927604577962161,0.124307697118222,0.0887648328430792,0.1356793270930643,0.2213247425910068,0.1526291111259963,0.1762111912281747,0.2680981473922604,0.1711813828679821,0.1624154268431266,0.2492743362831858,0.4824946236559139,0.4060795011691349,0.3848225449648937,0.4181285982902669,0.3223839363924264,0.3712486394028922,b'White IR',12.5 mA,b'OK Read',9:46:24,8.200334818,6.836217019,1.364117799666667,0.714189334,0.5968539110000001,0.117335423
12855,52,1,64,50,0.1666666666666666,0.0866431614187678,0.1099515729981356,0.0855045671041008,0.1281674327434232,0.2064806499446544,0.097193382008172,0.0990048268875514,0.1519612361251925,0.0897776955284647,0.1186209549117991,0.1483893805309734,0.4824946236559139,0.4303124778572946,0.3511269276393832,0.400430340977378,0.3070210902230308,0.3409267610013994,b'White IR',12.5 mA,b'OK Read',10:01:12,26.54998939,21.556398105,4.9935912855,1.8777225185,1.5243221595,0.3534003585
13107,53,1,64,50,0.1538253582049202,0.0988777541736644,0.1442100614034059,0.0773630096441939,0.1197188777440745,0.2152523965664877,0.1497488110389175,0.1344973481914069,0.133859796963672,0.0981285710981054,0.1076592248116225,0.1987964601769911,0.4786236559139785,0.4364061503578261,0.3595588471033311,0.4137088801442223,0.3618354558318173,0.3939511740009329,b'White IR',12.5 mA,b'OK Read',10:15:30,32.63734251333333,26.42514599,6.212196521333333,2.0979592093333337,1.6986574023333334,0.3993018073333333
13359,54,1,64,50,0.1666666666666666,0.1100890900799697,0.1582378668667847,0.0855045671041008,0.1319264814435739,0.2267235437856352,0.1648603389376381,0.155044395447232,0.1583703108746889,0.1210761294501376,0.1076592248116225,0.2047433628318584,0.4669247311827956,0.4242188053567633,0.3736013593664839,0.4269874193110667,0.3771983020012128,0.4091121132016794,b'White IR',12.5 mA,b'OK Read',10:30:53,35.641913653333326,28.643823536666662,6.998090118,2.314729379,1.8603096286666665,0.4544197503333333
13611,55,1,64,50,0.1409840497431738,0.1253823310235905,0.1895610301388709,0.0903949657125684,0.1539907326423135,0.2311094170965518,0.1267064103422868,0.1207913711936118,0.1414012403386572,0.0981285710981054,0.1259112921554572,0.1750796460176991,0.4357849462365591,0.381846524480975,0.3595588471033311,0.4114990210712002,0.3377130921096961,0.3712486394028922,b'White IR',12.5 mA,b'OK Read',10:45:58,30.05557363,24.14840175,5.907171881666667,2.222770464,1.7860449796666666,0.4367254839999999
13863,56,1,64,50,0.1795079751284131,0.089701809607492,0.120391324570352,0.0912054787035434,0.1445993139425969,0.2405547085482759,0.0770312813986201,0.079077528156844,0.2198342265000592,0.0876726271715746,0.1569258203814752,0.1305486725663716,0.5097204301075269,0.4364061503578261,0.3314738225770254,0.3539845309864888,0.2478269658378815,0.2954439433991603,b'White IR',12.5 mA,b'OK Read',10:59:26,9.583878396333333,7.896416810000001,1.6874615863333335,0.8741423393333334,0.7201794786666668,0.1539628606666666
14115,57,1,64,50,0.1538253582049202,0.0958191059849403,0.1360529062063951,0.0757328767747047,0.1215984020941498,0.2223324491969674,0.1108714582356487,0.1052261486204636,0.1406474251780847,0.085590691433991,0.1113131348450147,0.1572389380530973,0.4669247311827956,0.4121023170126833,0.353916193773845,0.4048694438521333,0.320194057004245,0.3560877002021458,b'White IR',12.5 mA,b'OK Read',9:41:24,24.43857647,20.074630006666663,4.363946460666667,2.017985647333333,1.6568969733333334,0.3610886743333333
14367,58,1,64,50,0.2435793457691268,0.10295965921098,0.1154978131632329,0.1188904168222426,0.1629107194918461,0.2618105302729684,0.1432647866568424,0.1787021035695131,0.379336906000237,0.2045848851465451,0.3394115281735695,0.2789380530973451,0.4863655913978494,0.4364061503578261,0.4072969766919945,0.4203578420919999,0.3355232127215147,0.4014927693982273,b'White IR',12.5 mA,b'OK Read',9:55:51,2.725630929,2.535042009333333,0.1905889196666666,0.1997687426666667,0.1857321693333333,0.0140365733333333
14619,59,1,64,50,0.1666666666666666,0.1141709951172852,0.1686776184390011,0.0952762574334969,0.1586864419921717,0.2685564211273782,0.1447116350726773,0.146951909898099,0.1941946357328136,0.1200351615813458,0.1295652021888494,0.207716814159292,0.4863655913978494,0.4181959895132148,0.367990766567279,0.4092891619981779,0.3333333333333333,0.3787902348001866,b'White IR',12.5 mA,b'OK Read',10:09:09,14.29965182,11.819307883333332,2.480343936,1.117823199,0.9235004836666666,0.1943227153333333
14871,60,1,64,50,0.1538253582049202,0.0886896751159505,0.1249604258762004,0.0716620980447512,0.1098622302448344,0.1983824481527119,0.1022305579744122,0.0952624992551099,0.1187769102137016,0.0782807837331421,0.1040053147782303,0.1483893805309734,0.4708387096774193,0.4242188053567633,0.3455163348401783,0.3960106228313335,0.3114008489993936,0.3484683563986938,b'White IR',12.5 mA,b'OK Read',10:22:45,30.57870521,25.12480567333333,5.453899538666666,2.500055852,2.054086933333333,0.4459689186666666
15123,61,1,64,50,0.1795079751284131,0.1121356037771524,0.1562796805928497,0.1017876820239146,0.1582150101419878,0.2614711472191474,0.1295867104293656,0.146951909898099,0.2236065940721819,0.1356959448518356,0.1532893931712093,0.207716814159292,0.4824946236559139,0.4181959895132148,0.3707800327017409,0.4070793029251556,0.3157806077757563,0.3636292955994402,b'White IR',12.5 mA,b'OK Read',10:37:19,16.564180676666666,13.594561156666666,2.969619517,1.395770278,1.145526904,0.2502433743333333
15375,62,1,64,50,0.1795079751284131,0.1019364023623886,0.1393126414408498,0.0895753458340542,0.1530540719926059,0.2506735448298907,0.1216692343760466,0.1307550205589654,0.2062589700712339,0.1158712901061787,0.1478172695326841,0.1928495575221238,0.4786236559139785,0.4181959895132148,0.3567375204385881,0.3915909046852889,0.3048312108348494,0.3484683563986938,b'White IR',12.5 mA,b'OK Read',10:49:56,12.429251843333333,10.349291457,2.079960387333333,1.125132889,0.936631111,0.1885017776666666
15627,63,1,64,50,0.1666666666666666,0.0968423628335316,0.1435573326454275,0.0814337883741473,0.13145504959339,0.2395417806645642,0.1497488110389175,0.1388594243489661,0.1515826826602762,0.1043743783108561,0.1186209549117991,0.1958230088495575,0.4786236559139785,0.4242188053567633,0.362348113237793,0.4114990210712002,0.3486961795027289,0.3787902348001866,b'White IR',12.5 mA,b'OK Read',11:03:08,23.69654728,19.33047873,4.366068551333334,1.7648840513333333,1.4398277146666667,0.3250563366666666
15879,64,1,64,50,0.1666666666666666,0.0683023946434728,0.0734104882176596,0.0765433897656797,0.1056317496944997,0.1825254276226478,0.0885524817469354,0.0853107681306239,0.1229245394814805,0.0782807837331421,0.1076592248116225,0.1335221238938053,0.5136344086021506,0.4727556153900659,0.353916193773845,0.4048694438521333,0.2960716932821238,0.325765821800653,b'White IR',12.5 mA,b'OK Read',11:22:35,32.222201786666666,25.51881823333333,6.703383556333333,2.119941223333333,1.6788668816666668,0.4410743416666666
16131,65,1,64,50,0.1409840497431738,0.1009131455137972,0.153016036802958,0.0708424781662371,0.1150231683942162,0.1960172093314675,0.1108714582356487,0.0952624992551099,0.0980387638748074,0.0751578801267667,0.0967149775345723,0.1424424778761062,0.4241290322580645,0.3939630128250549,0.3483056009746401,0.4070793029251556,0.3399029714978775,0.3636292955994402,b'White IR',12.5 mA,b'OK Read',9:29:14,44.22934772999999,34.831650593333336,9.397697138333331,4.139644079333333,3.258332172333333,0.8813119073333334
16347,66,1,64,50,0.1409840497431738,0.0947958491363489,0.1464926577786116,0.0667716994362836,0.1065746133948675,0.1909577911906601,0.1173554826177239,0.0990048268875514,0.0950235032325174,0.0761988479955585,0.0875889438626549,0.1454159292035398,0.4124731182795699,0.3939630128250549,0.3483056009746401,0.4092891619981779,0.3530759382790917,0.3787902348001866,b'White IR',12.5 mA,b'OK Read',9:42:25,46.43683478,37.296913535,9.139921247,3.653488999,2.9343304915,0.7191585075
16563,67,1,64,50,0.1409840497431738,0.1019364023623886,0.154974223076893,0.0724726110357263,0.118310785244183,0.2085012844343267,0.131743586308527,0.1120791371193611,0.1127463889291216,0.0824677878276157,0.0912428538960471,0.1661592920353982,0.4513548387096774,0.4181959895132148,0.365169439902536,0.4269874193110667,0.3750084226130314,0.3939511740009329,b'White IR',12.5 mA,b'OK Read',9:57:50,38.5316278,31.07725668666667,7.454371114333334,2.558221283,2.063333626,0.4948876563333333
16779,68,1,64,50,0.1409840497431738,0.1172296433060094,0.1794456886679252,0.0741027439052155,0.1262941114440081,0.207488356550615,0.1173554826177239,0.0983850783624337,0.0976635021791512,0.0751578801267667,0.0985331911397052,0.1543362831858407,0.420258064516129,0.3878693403245234,0.3483056009746401,0.4048694438521333,0.3486961795027289,0.3712486394028922,b'White IR',12.5 mA,b'OK Read',10:10:50,41.83511982,33.479756040000005,8.355363781000001,3.4825955,2.7870240326666664,0.695571467
16995,69,1,64,50,0.1409840497431738,0.0662558809462901,0.0825447822739193,0.0635205405848443,0.0821594059958687,0.1447390405380004,0.0813584299015339,0.0747154519992849,0.0867282446969597,0.066807004557126,0.0875889438626549,0.1157522123893805,0.420258064516129,0.4060795011691349,0.3286524959122823,0.3871711865392443,0.3004514520584866,0.3333074171979474,b'White IR',12.5 mA,b'OK Read',10:25:17,47.82949863666666,38.385870016666665,9.443628618333332,4.022509349333333,3.2282317933333338,0.7942775563333333
17211,70,1,64,50,0.1281427412814274,0.1121356037771524,0.1781402311519685,0.0724726110357263,0.120655538393782,0.1963565923852885,0.1382276106906022,0.108968476252905,0.0904973204998222,0.0793217516019338,0.1149670448784069,0.1661592920353982,0.392989247311828,0.369730036136895,0.3567375204385881,0.4181285982902669,0.3991307863351526,0.3939511740009329,b'White IR',12.5 mA,b'OK Read',10:40:26,55.10028373333333,43.707893393333336,11.39239034,3.623534896,2.874451678,0.7490832176666666
17427,71,1,64,50,0.1281427412814274,0.1100890900799697,0.1690059370957088,0.070031965175262,0.1173679215438152,0.1933178087341534,0.1036774063902471,0.0871700137059769,0.0840882457503258,0.0688889402947095,0.085770730257522,0.1364955752212389,0.4124731182795699,0.3999858286686034,0.3595588471033311,0.4247775602380445,0.3640253352199987,0.3787902348001866,b'White IR',12.5 mA,b'OK Read',11:03:38,51.70545849,41.370469925,10.334988565,3.7016686795,2.9619183975,0.7397502819999999
17643,72,1,64,50,0.1409840497431738,0.1090769555884283,0.1650895645478387,0.0724726110357263,0.118310785244183,0.2004030826423842,0.1367941590193583,0.1102079733031404,0.0957773183930899,0.0814268199588239,0.1003688875679644,0.1631858407079646,0.4241290322580645,0.4121023170126833,0.3763906255009458,0.440265958477911,0.4078903038878782,0.3939511740009329,b'White IR',12.5 mA,b'OK Read',12:12:21,62.56345445333333,49.77774005333333,12.785714399999998,3.875767008,3.083540941666667,0.7922260663333334
17859,73,1,64,50,0.1281427412814274,0.1141709951172852,0.1787929599099468,0.0708424781662371,0.1197188777440745,0.2007424656962051,0.1022305579744122,0.0846791013646385,0.0867282446969597,0.0678479724259178,0.0930610675011801,0.1335221238938053,0.4085591397849462,0.3939630128250549,0.3483056009746401,0.4070793029251556,0.3530759382790917,0.3712486394028922,b'White IR',12.5 mA,b'OK Read',12:24:13,54.4024687,42.656200045000006,11.746268655,4.102862167,3.217004462,0.8858577055
18075,74,1,64,50,0.1281427412814274,0.1243590741749991,0.1895610301388709,0.0741027439052155,0.1286388645936071,0.2081671226582569,0.1202357827048027,0.0971336630713306,0.0840882457503258,0.0741169122579749,0.1021871011730974,0.1513628318584071,0.3969032258064516,0.369730036136895,0.3342630887114872,0.3938007637583112,0.3662489050603059,0.3712486394028922,b'White IR',12.5 mA,b'OK Read',12:38:21,51.221634323333326,40.798945243333335,10.422689083333331,3.954586471666667,3.149968694,0.804617778
18291,75,1,64,50,0.1409840497431738,0.0886896751159505,0.1220211921875793,0.0643310535758193,0.0990627190452264,0.1562101877571479,0.1360707348114408,0.1039866515702282,0.0795620630176307,0.0741169122579749,0.0748090001573454,0.1572389380530973,0.3891182795698925,0.3878693403245234,0.3426950081754352,0.4048694438521333,0.3881476989421198,0.3787902348001866,b'White IR',12.5 mA,b'OK Read',9:28:17,49.08002853,44.060547265,5.019481267,3.5238579215,3.1534905975000003,0.370367324
18507,76,1,64,50,0.1281427412814274,0.0978544973250731,0.1373583637223518,0.0732922309142404,0.1131436440441409,0.178473716087801,0.1007971063031683,0.0890411775221977,0.0912511356603947,0.0741169122579749,0.0912428538960471,0.1364955752212389,0.4046881720430107,0.381846524480975,0.3286524959122823,0.3827320836644891,0.3223839363924264,0.3484683563986938,b'White IR',12.5 mA,b'OK Read',9:38:39,42.138644846666665,34.346644346666665,7.792000502666667,3.7334734143333335,3.0419350706666664,0.6915383433333334
18723,77,1,64,50,0.1409840497431738,0.0733964341723298,0.1047297429343089,0.0643310535758193,0.086855115345727,0.1632954616653787,0.0791881572777815,0.0728562064239318,0.0863496912320433,0.0657660366883342,0.0766446965856046,0.1098053097345132,0.4085591397849462,0.3939630128250549,0.3314738225770254,0.3915909046852889,0.3004514520584866,0.3333074171979474,b'White IR',12.5 mA,b'OK Read',9:54:23,51.67352338,41.83316121,9.840362170333334,3.7159366656666655,3.0089510139999995,0.7069856519999999
18939,78,1,64,50,0.1154366044876993,0.1172296433060094,0.1830337425590875,0.0749223637837296,0.1272307720937157,0.195009502725507,0.1072677339406524,0.0896609260473154,0.0825806154291808,0.0709708760322931,0.1149670448784069,0.1394690265486725,0.365763440860215,0.3454262027917523,0.3398736815106922,0.3982204819043557,0.3640253352199987,0.3712486394028922,b'White IR',12.5 mA,b'OK Read',10:07:19,56.69399447999999,45.44878923,11.245205253333332,4.333457171,3.473774043333333,0.8596831276666667
19155,79,1,64,50,0.1281427412814274,0.089701809607492,0.1252848359774711,0.0667716994362836,0.1023503358951932,0.1697019694659677,0.1036774063902471,0.0890411775221977,0.0859744295363872,0.0709708760322931,0.085770730257522,0.1364955752212389,0.4163440860215053,0.3999858286686034,0.3426950081754352,0.402659584779111,0.3465063001145476,0.3712486394028922,b'White IR',12.5 mA,b'OK Read',10:20:10,54.64510465333333,43.899744563333336,10.745360086666668,4.739399335333334,3.806473402,0.9329259336666668
19371,80,1,64,50,0.1281427412814274,0.1121356037771524,0.1725939909868711,0.0724726110357263,0.1211269702439659,0.1987166099287817,0.0856721816598566,0.0765866158155056,0.0855958760714709,0.0657660366883342,0.0930610675011801,0.1157522123893805,0.392989247311828,0.369730036136895,0.3230419031130775,0.3805222245914668,0.3070210902230308,0.3409267610013994,b'White IR',12.5 mA,b'OK Read',10:31:24,44.734561785,34.50986065,10.2247011405,4.0822514165,3.1546979165,0.9275535
19587,81,1,64,50,0.1281427412814274,0.089701809607492,0.1275674323526767,0.0643310535758193,0.1018789040450093,0.1632954616653787,0.1101480340277312,0.0890411775221977,0.0776758792315693,0.0688889402947095,0.0748090001573454,0.1364955752212389,0.392989247311828,0.381846524480975,0.3286524959122823,0.3871711865392443,0.3574556970554545,0.3636292955994402,b'White IR',12.5 mA,b'OK Read',10:41:14,50.659245633333335,40.80449726333333,9.854748372333331,4.361709131333334,3.516600148,0.8451089829999999
19803,82,1,64,50,0.1281427412814274,0.0968423628335316,0.1425762852307415,0.0659611864453085,0.1089193665444665,0.1757743154904868,0.0907093576260968,0.0759668672903879,0.0754144337498518,0.0636841009507506,0.085770730257522,0.1187256637168141,0.3813333333333333,0.3636363636363637,0.3173992497835914,0.3738926473724,0.3157806077757563,0.3409267610013994,b'White IR',12.5 mA,b'OK Read',10:51:11,49.25679658333333,40.01370399333333,9.243092593,4.220262626,3.4283256566666664,0.7919369700000001
20019,83,1,64,50,0.1281427412814274,0.1009131455137972,0.154974223076893,0.0659611864453085,0.1093907983946504,0.1875848457634552,0.0813584299015339,0.0722245396579465,0.0837096922854095,0.0636841009507506,0.0821168202241297,0.1127787610619469,0.4085591397849462,0.3878693403245234,0.3370844153762303,0.3960106228313335,0.2982615726703052,0.325765821800653,b'White IR',12.5 mA,b'OK Read',12:26:16,47.694628755,37.688691615,10.0059371405,4.2141185415,3.3300314585,0.8840870835000001
20235,84,1,64,50,0.1281427412814274,0.0988777541736644,0.1536687655609363,0.0659611864453085,0.1023503358951932,0.1794866439715126,0.1058342822694085,0.0877897622310946,0.0818235084993482,0.0699299081635013,0.0894071574677879,0.1394690265486725,0.4085591397849462,0.3999858286686034,0.3426950081754352,0.402659584779111,0.3662489050603059,0.3712486394028922,b'White IR',12.5 mA,b'OK Read',12:35:45,58.98609637333334,47.57689907666667,11.4091973,4.102078702,3.308589915666667,0.7934887856666667
20451,85,1,64,50,0.1281427412814274,0.1131477382686939,0.1719412622288928,0.0741027439052155,0.1192474458938906,0.1923101021281928,0.1087145823564873,0.0934032536797568,0.0908758739647385,0.0751578801267667,0.0948967639294393,0.1394690265486725,0.392989247311828,0.3757528519804435,0.3426950081754352,0.402659584779111,0.3420928508860589,0.3636292955994402,b'White IR',12.5 mA,b'OK Read',9:35:26,61.19142675333333,47.78482940666667,13.406597346666668,4.950082761,3.866228080666667,1.0838546803333335
20667,86,1,64,50,0.1409840497431738,0.1121356037771524,0.1644368357898604,0.0732922309142404,0.1239431552437488,0.1987166099287817,0.1043874338535735,0.0896609260473154,0.091629689125311,0.0730759443891831,0.085770730257522,0.1364955752212389,0.4046881720430107,0.381846524480975,0.3511269276393832,0.4114990210712002,0.3420928508860589,0.3636292955994402,b'White IR',12.5 mA,b'OK Read',9:50:43,56.753482196666674,45.184147196666665,11.569335,4.766573718,3.7948671593333336,0.971706559
20883,87,1,64,50,0.1281427412814274,0.1223236828348663,0.1856446575910009,0.0749223637837296,0.1248798158934564,0.1983824481527119,0.1252729586710429,0.1008759907037721,0.0871035063926159,0.0761988479955585,0.1058410112064896,0.1543362831858407,0.400774193548387,0.3757528519804435,0.3511269276393832,0.4114990210712002,0.3903712687824271,0.3864095786036386,b'White IR',12.5 mA,b'OK Read',10:08:38,55.07307381,43.42378785333333,11.649285956666668,4.194132628999999,3.305766531,0.8883660976666667
21099,88,1,64,50,0.1281427412814274,0.116206386457418,0.1761820448780335,0.0773630096441939,0.1281674327434232,0.1973695202690002,0.0993502578873333,0.0865502651808593,0.0923835042858835,0.0709708760322931,0.1149670448784069,0.1335221238938053,0.3735483870967742,0.3394033869482038,0.3258311692475393,0.3783123655184445,0.3179704871639377,0.3484683563986938,b'White IR',12.5 mA,b'OK Read',10:19:04,44.86081283666667,35.792074383333336,9.068738456,4.276437512,3.411996511,0.8644410016666667
21315,89,1,64,50,0.1409840497431738,0.0958191059849403,0.1373583637223518,0.0708424781662371,0.1089193665444665,0.1774607882040893,0.1015071337664947,0.08842142899708,0.0912511356603947,0.0730759443891831,0.0894071574677879,0.1335221238938053,0.4163440860215053,0.4060795011691349,0.3567375204385881,0.4203578420919999,0.3552658176672731,0.3787902348001866,b'White IR',12.5 mA,b'OK Read',10:32:40,66.96124118666667,52.90683077333333,14.054410416666668,5.119260108,4.044790393333333,1.074469715
21531,90,1,64,50,0.1281427412814274,0.1049950505511128,0.1575851381088063,0.0684018323057728,0.1107988908945419,0.1852248282199619,0.1137517583227275,0.0921518383886538,0.084463507445982,0.0720349765203914,0.0894071574677879,0.1454159292035398,0.4085591397849462,0.3939630128250549,0.3455163348401783,0.4070793029251556,0.3640253352199987,0.3712486394028922,b'White IR',12.5 mA,b'OK Read',10:55:08,64.04693122,50.21255806333334,13.834373156666668,5.125990451666667,4.018774331333334,1.1072161196666668
21747,91,1,64,50,0.1281427412814274,0.0937837146448075,0.1373583637223518,0.0675913193147977,0.1051665208949761,0.1815124997389361,0.0712706812244624,0.0684941302663726,0.0871035063926159,0.0647250688195424,0.0894071574677879,0.103858407079646,0.420258064516129,0.3939630128250549,0.3117886569843865,0.3628239672785779,0.2719493295600027,0.3106048825999067,b'White IR',12.5 mA,b'OK Read',11:08:02,42.96799257999999,34.114651073333334,8.853341507333333,3.9790394943333336,3.159435109666666,0.819604385
21963,92,1,64,50,0.1154366044876993,0.1182417777975508,0.1725939909868711,0.0830639212436365,0.1375588514431397,0.1970301372151792,0.1137517583227275,0.0983850783624337,0.0950235032325174,0.0772398158643503,0.1149670448784069,0.1454159292035398,0.3852043010752688,0.3636363636363637,0.353916193773845,0.4092891619981779,0.3574556970554545,0.3712486394028922,b'White IR',12.5 mA,b'OK Read',12:23:34,53.40243961666667,42.28767851,11.114761106666668,4.621729301333333,3.659991911,0.9617373906666667
22179,93,1,64,50,0.1281427412814274,0.1131477382686939,0.1709602148142068,0.0732922309142404,0.1215984020941498,0.1960172093314675,0.0741509813115413,0.0678743817412549,0.0825806154291808,0.0626200004626523,0.1021871011730974,0.103858407079646,0.392989247311828,0.369730036136895,0.3286524959122823,0.3871711865392443,0.2916582440536352,0.325765821800653,b'White IR',12.5 mA,b'OK Read',12:35:58,53.21092012333333,42.40193503333333,10.80898509,4.527493034333333,3.607685005,0.9198080296666666
22395,94,1,64,50,0.1154366044876993,0.116206386457418,0.1758576347767628,0.0773630096441939,0.1286388645936071,0.1919707190743718,0.097193382008172,0.0840593528395208,0.0904973204998222,0.0699299081635013,0.1204391685169321,0.1335221238938053,0.3696344086021505,0.3454262027917523,0.3511269276393832,0.4092891619981779,0.3508860588909103,0.3712486394028922,b'White IR',12.5 mA,b'OK Read',12:48:59,64.74168022666667,50.83467496666666,13.907005256666666,4.324023349,3.3952399063333334,0.928783443
22611,95,1,64,50,0.1281427412814274,0.1151831296088266,0.1663950220637954,0.0757328767747047,0.129110296443791,0.1953436645015768,0.1331904347243619,0.1070973124366843,0.0897435053392497,0.0782807837331421,0.0930610675011801,0.1661592920353982,0.420258064516129,0.4060795011691349,0.365169439902536,0.4247775602380445,0.3947510275587899,0.3864095786036386,b'White IR',12.5 mA,b'OK Read',9:30:32,59.03500507,46.2903492,12.74465587,4.245897491333333,3.3293923333333333,0.916505158
22827,96,1,64,50,0.1281427412814274,0.0764550823610539,0.0939655812608218,0.0732922309142404,0.0957751021952596,0.145746747143961,0.097193382008172,0.0896609260473154,0.0999249476608687,0.0772398158643503,0.0930610675011801,0.1305486725663716,0.428,0.4181959895132148,0.3455163348401783,0.400430340977378,0.3311434539451519,0.3560877002021458,b'White IR',12.5 mA,b'OK Read',9:40:04,52.68914196666666,41.28557214,11.40356983,3.9919085226666655,3.128148125,0.8637603976666667
23043,97,1,64,50,0.1281427412814274,0.0825723787385022,0.1079933867242006,0.070031965175262,0.0990627190452264,0.1477726029113844,0.0943130819210931,0.0821881890233001,0.0889896901786772,0.0699299081635013,0.0930610675011801,0.127575221238938,0.420258064516129,0.3939630128250549,0.3370844153762303,0.3960106228313335,0.3267636951687891,0.3484683563986938,b'White IR',12.5 mA,b'OK Read',9:49:45,50.94865640333333,40.017857,10.9307994,4.051040404,3.18130588,0.8697345243333333
23259,98,1,64,50,0.1281427412814274,0.1131477382686939,0.159867734484012,0.0765433897656797,0.1244145870939328,0.1869113009335644,0.1375041864826847,0.1095882247780227,0.0855958760714709,0.0803858520900321,0.0930610675011801,0.1661592920353982,0.4085591397849462,0.3939630128250549,0.3511269276393832,0.4092891619981779,0.3969409069469712,0.3787902348001866,b'White IR',12.5 mA,b'OK Read',10:00:23,60.41271053666666,47.37721188666666,13.035498653333336,4.456791702,3.4952061056666666,0.961585596
23475,99,1,64,50,0.1409840497431738,0.0866431614187678,0.114516765748547,0.0692214521842869,0.0981198553448585,0.1551972598734362,0.1166320584098064,0.1083487277277873,0.0957773183930899,0.0897776955284647,0.0839350338292627,0.1513628318584071,0.4396989247311827,0.4181959895132148,0.353916193773845,0.4114990210712002,0.3223839363924264,0.3484683563986938,b'White IR',12.5 mA,b'OK Read',10:10:38,52.74285287666667,41.512014963333336,11.23083791,4.110366944,3.234900126333333,0.875466818
23691,100,1,64,50,0.1281427412814274,0.0866431614187678,0.1151694945065253,0.0675913193147977,0.0981198553448585,0.1528320210521918,0.0907093576260968,0.0796972766819617,0.082955877124837,0.0678479724259178,0.0875889438626549,0.1246017699115044,0.428,0.4121023170126833,0.3342630887114872,0.3938007637583112,0.3245738157806078,0.3484683563986938,b'White IR',12.5 mA,b'OK Read',10:21:04,48.13026337666667,37.78676758666666,10.343495793333334,4.498296591666667,3.529520551333333,0.9687760403333332
